"관리기관명",소재지도로명주소,소재지지번주소,설치목적구분,카메라대수,카메라화소수,촬영방면정보,보관일수,설치년월,관리기관전화번호,위도,경도,데이터기준일자
"서울특별시 시청",,서울특별시 용산구 이촌1동 302-15,재난재해,1,,서울 동작구 노량진 한강대교,0,,02-2100-5397,37.518342,126.959455,2018-03-07
"서울특별시 시청",,서울특별시 서초구 반포2동 647,재난재해,1,,서울 용산구 서빙고 잠수교,0,,02-2100-5397,37.514687,126.996512,2018-03-07
"서울특별시 시청",,서울특별시 강서구 개화동 224번지,재난재해,1,,서울 강서구 개화동 행주대교,0,,02-2100-5397,37.586655,126.801000,2018-03-07
"서울특별시 시청",,경기도 여주시 여주읍 상리 1번지,재난재해,1,,경기 여주군 여주읍 여주대교,0,,02-2100-5397,37.297080,127.639410,2018-03-07
"서울특별시 시청",,경기도 양평군 양평읍 양근리 228번지,재난재해,1,,경기 양평군 양평읍 양평교,0,,02-2100-5397,37.487724,127.492805,2018-03-07
"서울특별시 시청",,충청북도 충주시 엄정면 목계리 산1-6,재난재해,1,,충북 충주시 엄정면 목계교,0,,02-2100-5397,37.076888,127.882183,2018-03-07
"서울특별시 시청",,강원도 영월군 영월읍 덕포리 574-207,재난재해,1,,강원 영월군 영월읍 영월대교,0,,02-2100-5397,37.181450,128.476083,2018-03-07
"서울특별시 시청",,경기도 파주시 군내면 백연리 산 38-2번지,재난재해,1,,경기 파주시 군내면 통일대교,0,,02-2100-5397,37.905487,126.740140,2018-03-07
"서울특별시 시청",,경기도 파주시 적성면 가월리 113번지,재난재해,1,,경기 파주시 적성면 비룡대교,0,,02-2100-5397,37.978860,126.916480,2018-03-07
"서울특별시 시청",,경기도 연천군 전곡읍 고능리 산 138번지,재난재해,1,,경기 연천군 전곡읍 사랑교,0,,02-2100-5397,38.006820,127.052530,2018-03-07
"서울특별시 시청",,서울특별시 강동구 고덕동 108,재난재해,1,,고덕빗물펌프,0,,02-2100-5397,37.563281,127.157059,2018-03-07
"서울특별시 시청",,서울특별시 관악구 신림8동 1649,재난재해,1,,신림빗물펌프,0,,02-2100-5397,37.481044,126.909034,2018-03-07
"서울특별시 시청",,서울특별시 서초구 양재동 97-5,재난재해,1,,양재빗물펌프,0,,02-2100-5397,37.476500,127.040122,2018-03-07
"서울특별시 시청",,서울특별시 성동구 사근동 102-26,재난재해,1,,성동교,0,,02-2100-5397,37.553949,127.046321,2018-03-07
"서울특별시 시청",,서울특별시 송파구 잠실1동 2,재난재해,1,,봉은교,0,,02-2100-5397,37.515668,127.085641,2018-03-07
"서울특별시 시청",,서울특별시 송파구 가락1동 509,재난재해,1,,탄천빗물펌프,0,,02-2100-5397,37.496764,127.101179,2018-03-07
"서울특별시 시청",,서울특별시 도봉구 도봉동 76-32,재난재해,1,,상도교,0,,02-2100-5397,37.516122,126.966070,2018-03-07
"서울특별시 시청",,서울특별시 중랑구 중화동 404-4,재난재해,1,,중화 펌프장,0,,02-2100-5397,37.706580,127.837887,2018-03-07
"서울특별시 시청",,서울특별시 노원구 하계 312-36,재난재해,1,,월계1교하부,0,,02-2100-5397,37.604178,127.041000,2018-03-07
"서울특별시 시청",,서울특별시 노원구 상계동 851-6,재난재해,1,,상계교,0,,02-2100-5397,37.615609,127.050795,2018-03-07
"서울특별시 시청",,서울특별시 서대문구 북가좌동 392-1,재난재해,1,,증산교,0,,02-2100-5397,37.680519,127.043158,2018-03-07
"서울특별시 시청",,서울특별시 구로구 개봉동 189-2,재난재해,1,,개봉1펌프,0,,02-2100-5397,37.668774,127.047071,2018-03-07
"서울특별시 시청",,서울특별시 양천구 신정동 871-3,재난재해,1,,신정교,0,,02-2100-5397,37.683728,127.031817,2018-03-07
"서울특별시 시청",,서울특별시 성북구 하월곡동 35-5,재난재해,1,,월곡역앞,0,,02-2100-5397,37.601543,127.041565,2018-03-07
"서울특별시 시청",,경기도 평택시 고덕면 동청리 599-2,재난재해,1,,경기 평택시 팽성읍 군문교,0,,02-2100-5397,37.052700,126.997800,2018-03-07
"서울특별시 시청",,경기도 평택시 군문동 226번지,재난재해,1,,경기 평택시 동청리 동연교,0,,02-2100-5397,37.052677,126.995965,2018-03-07
"서울특별시 시청",,서울특별시 중랑구 중화동 447-26,재난재해,1,,서울 중랑구 중화동 중랑교,0,,02-2100-5397,37.603660,127.085014,2018-03-07
"서울특별시 시청",,서울특별시 양천구 신정동 141,재난재해,1,,서울 양천구 신정동 오금교,0,,02-2100-5397,37.516600,126.863870,2018-03-07
"서울특별시 시청",,서울특별시 강남구 율현동 116번지,재난재해,1,,서울 송파구 장지동 대곡교,0,,02-2100-5397,37.468550,127.120960,2018-03-07
"서울특별시 시청",,경기도 남양주시 퇴계원면 퇴계원리 131-6,재난재해,1,,경기 남양주 퇴계원면 진관교,0,,02-2100-5397,37.649874,127.151182,2018-03-07
"강북구",,서울특별시 강북구 삼양로138길 46(수유동) 앞,재난재해,1,,수유2동 우이천 덕수교,0,,02-2100-5397,37.648665,127.016703,2018-03-07
"강북구",,서울특별시 강북구 한천로 897(번동) 건너편,재난재해,1,,번2동 우이천 신창교,0,,02-2100-5397,37.632186,127.038825,2018-03-07
"부산광역시 시청",,부산광역시 동래구 수안동,재난재해,1,,연안교_상류방향,0,,02-2100-5397,35.193733,129.090783,2018-03-07
"부산광역시 시청",,부산광역시 동래구 수안동,재난재해,1,,연안교_하류방향,0,,02-2100-5397,35.193633,129.091753,2018-03-07
"부산광역시 시청",,부산광역시 동래구 수안동,재난재해,1,,세병교_상류방향,0,,02-2100-5397,35.197263,129.082683,2018-03-07
"부산광역시 시청",,부산광역시 동래구 수안동,재난재해,1,,세병교_하류방향,0,,02-2100-5397,35.196863,129.082983,2018-03-07
"남구청",,부산광역시 금정구 회동동 517-66,재난재해,1,,수영강생태_1,0,,02-2100-5397,35.230610,129.125930,2018-03-07
"남구청",,부산광역시 금정구 회동동 517-45,재난재해,1,,수영강생태_2,0,,02-2100-5397,35.227057,129.121319,2018-03-07
"남구청",,부산광역시 금정구 금사동 545-19?,재난재해,1,,수영강생태_3,0,,02-2100-5397,35.217183,129.118520,2018-03-07
"연제구청",,부산광역시 연제구 온천천공원길 40,재난재해,1,,거제1동 온천천,0,,02-2100-5397,35.194315,129.085390,2018-03-07
"대구광역시 시청",,대구광역시 북구 조야동 448,재난재해,1,,북구 서변동 무태교,0,,02-2100-5397,35.913354,128.576137,2018-03-07
"대구광역시 시청",,대구광역시 달성군 화원읍 성산리 327-1,재난재해,1,,달성군 화원읍 사문진교,0,,02-2100-5397,35.810326,128.477272,2018-03-07
"대구광역시 시청",,대구광역시 수성구 상동 667-37,재난재해,1,,수성구 상동 상동교,0,,02-2100-5397,35.832609,128.606719,2018-03-07
"대구광역시 시청",,대구광역시 동구 효목1동 산234-63,재난재해,1,,동구 검사동 아양교,0,,02-2100-5397,35.882031,128.647464,2018-03-07
"대구광역시 시청",,대구광역시 북구 조야동 136-2,재난재해,1,,북구 조야동 조야교,0,,02-2100-5397,35.915281,128.575468,2018-03-07
"대구광역시 시청",,대구광역시 수성구 파동 533-25,재난재해,1,,수성구 파동,0,,02-2100-5397,35.809249,128.618409,2018-03-07
"대구광역시 시청",,대구광역시 북구 노곡동 255-3,재난재해,1,,북구 관문동 팔달교,0,,02-2100-5397,35.905489,128.563649,2018-03-07
"대구광역시 시청",,대구광역시 동구 방촌동 1084-3,재난재해,1,,동구 방촌동 화랑교,0,,02-2100-5397,35.876562,128.661937,2018-03-07
"대구광역시 시청",,대구광역시 달서구 유천동 523-3번지,재난재해,1,,달서구 유천동 유천교,0,,02-2100-5397,35.810648,128.515307,2018-03-07
"대구광역시 시청",,대구광역시 달서구 장동 51번지,재난재해,1,,"대명천,고래천합류지점",0,,02-2100-5397,35.838516,128.519680,2018-03-07
"대구광역시 시청",,대구광역시 수성구 고모동 산6-4,재난재해,1,,금호강 고모동,0,,02-2100-5397,35.872603,128.669086,2018-03-07
"대구광역시 시청",,대구광역시 북구 검단동 121-3,재난재해,1,,금호강 검단동,0,,02-2100-5397,35.927772,128.624496,2018-03-07
"대구광역시 시청",,대구광역시 북구 산격동 14-45,재난재해,1,,금호강 산격동,0,,02-2100-5397,35.912202,128.604712,2018-03-07
"대구광역시 시청",,대구광역시 북구 노곡동 761,재난재해,1,,금호강 노곡동,0,,02-2100-5397,35.903686,128.563900,2018-03-07
"대구광역시 시청",,대구광역시 달성군 다사읍 방천리 21-1,재난재해,1,,금호강 방천리,0,,02-2100-5397,35.890371,128.508883,2018-03-07
"대구광역시 시청",,대구광역시 달성군 다사읍 매곡리 335-1,재난재해,1,,금호강 매곡리,0,,02-2100-5397,35.867456,128.465924,2018-03-07
"대구광역시 시청",,대구광역시 달성군 하빈면 하산리 1번지,재난재해,1,,낙동강 하산리,0,,02-2100-5397,35.902782,128.413267,2018-03-07
"대구광역시 시청",,대구광역시 달성군 논공읍 위천리 485-10,재난재해,1,,낙동강 위천리,0,,02-2100-5397,35.757553,128.392882,2018-03-07
"대구광역시 시청",,대구광역시 달성군 구지면 오설리 674-1,재난재해,1,,낙동강 오설리,0,,02-2100-5397,35.679366,128.363099,2018-03-07
"대구광역시 시청",,대구광역시 달성군 구지면 내리 774-23,재난재해,1,,낙동강 내리,0,,02-2100-5397,35.635151,128.401208,2018-03-07
"대구광역시 시청",,대구광역시 북구 매천동 669,재난재해,1,,매전보도교,0,,02-2100-5397,35.909517,128.545672,2018-03-07
"대구광역시 시청",,대구광역시 북구 동천동 838-5,재난재해,1,,동천역(럭키아파트),0,,02-2100-5397,35.941499,128.557235,2018-03-07
"대구광역시 시청",,대구광역시 북구 읍내동 1234-159,재난재해,1,,한양아파트앞,0,,02-2100-5397,35.940582,128.557196,2018-03-07
"대구광역시 시청",,대구광역시 북구 학정동 784,재난재해,1,,칠곡한서아파트건너,0,,02-2100-5397,35.948616,128.557705,2018-03-07
"대구광역시 시청",,대구광역시 북구 동변동 617-1,재난재해,1,,동화천,0,,02-2100-5397,35.922247,128.613735,2018-03-07
"대구광역시 시청",,대구광역시 북구 대현동 396,재난재해,1,,경대교,0,,02-2100-5397,35.886701,128.602287,2018-03-07
"대구광역시 시청",,대구광역시 남구 봉덕동 1617-1,재난재해,1,,상동교(고정형),0,,02-2100-5397,35.835953,128.605731,2018-03-07
"대구광역시 시청",,대구광역시 남구 봉덕동 1617-1,재난재해,1,,상동교(회전형),0,,02-2100-5397,35.835953,128.605731,2018-03-07
"대구광역시 시청",,대구광역시 북구 칠성동1가 276-1,재난재해,1,,칠성교(영상추적),0,,02-2100-5397,35.876477,128.605697,2018-03-07
"대구광역시 시청",,대구광역시 북구 칠성동1가 276-1,재난재해,1,,칠성교 수위표,0,,02-2100-5397,35.875906,128.606892,2018-03-07
"대구광역시 시청",,대구광역시 북구 칠성동1가 276-1,재난재해,1,,칠성교(영상검지),0,,02-2100-5397,35.875906,128.606892,2018-03-07
"대구광역시 시청",,대구광역시 북구 침산동 666-3,재난재해,1,,침산보 수위표,0,,02-2100-5397,35.902092,128.592953,2018-03-07
"대구광역시 시청",,대구광역시 북구 침산동 666-3,재난재해,1,,침산보(영상검지),0,,02-2100-5397,35.902706,128.592969,2018-03-07
"동구청",,대구광역시 동구 율하동 1626,재난재해,1,,동구 율하동 가천잠수교,0,,02-2100-5397,35.859980,128.694300,2018-03-07
"동구청",,대구광역시 동구 금강동 248-3,재난재해,1,,오목천,0,,02-2100-5397,35.852634,128.739258,2018-03-07
"인천광역시 시청",,인천광역시 남동구 고잔동 746,재난재해,1,,고잔동 승기천 남동대교 부근,0,,02-2100-5397,37.408398,126.687308,2018-03-07
"인천광역시 시청",,인천광역시 계양구 하야동 64-12,재난재해,1,,계양구 하야동 굴포천 부근,0,,02-2100-5397,37.582862,126.778494,2018-03-07
"광주광역시 시청",,광주광역시 서구 양동 304-3,재난재해,1,,천교코너(양동시장),0,,02-2100-5397,35.154526,126.901530,2018-03-07
"광주광역시 시청",,광주광역시 서구 덕흥동,재난재해,1,,유덕둑길,0,,02-2100-5397,35.164112,126.834740,2018-03-07
"광주광역시 시청",,광주광역시 동구 불로동 200,재난재해,1,,서남대병원 맞은편,0,,02-2100-5397,35.144577,126.913900,2018-03-07
"광주광역시 시청",,광주광역시 광산구 극락둑길 349,재난재해,1,,송대배수장,0,,02-2100-5397,35.105736,126.804580,2018-03-07
"광주광역시 시청",,광주광역시 남구 승촌동 384,재난재해,1,,덕례펌프장,0,,02-2100-5397,35.053856,126.774060,2018-03-07
"광주광역시 시청",,광주광역시 북구 청풍동 1200,재난재해,1,,제4수원지,0,,02-2100-5397,35.181911,126.961091,2018-03-07
"광주광역시 시청",,광주광역시 광산구 우산동 208-1,재난재해,1,,우산배수펌프장,0,,02-2100-5397,35.153425,126.823376,2018-03-07
"광주광역시 시청",,광주광역시 광산구 선동 311번지,재난재해,1,,임곡교,0,,02-2100-5397,35.208606,126.751187,2018-03-07
"광주광역시 시청",,광주광역시 광산구 본덕동 13,재난재해,1,,동곡배수장,0,,02-2100-5397,35.079250,126.784065,2018-03-07
"광주광역시 시청",,광주광역시 광산구 송치동183-5,재난재해,1,,산수배수장,0,,02-2100-5397,35.174951,126.739108,2018-03-07
"광주광역시 시청",,광주광역시 북구 동림동 885-27,재난재해,1,,운암지하차도,0,,02-2100-5397,35.172412,126.870147,2018-03-07
"울산광역시 시청",,울산광역시 울주군 상북면 석남로 660,재난재해,1,,울주상북면 덕현리 석남사계곡,0,,02-2100-5397,35.616420,129.050920,2018-03-07
"울산광역시 시청",,울산광역시 울주군 상북면 458,재난재해,1,,울주군 상북면 간월산임도입구,0,,02-2100-5397,35.590589,129.091239,2018-03-07
"울산광역시 시청",,울산광역시 북구 호계동 936-130,재난재해,1,,북구 호계동 상안 잠수교,0,,02-2100-5397,35.627933,129.362846,2018-03-07
"울산광역시 시청",,울산광역시 울주군 범서읍 구영리 1073-1번지,재난재해,1,,구영교,0,,02-2100-5397,35.572676,129.233871,2018-03-07
"울산광역시 시청",,울산광역시 울주군 범서읍 사연리 703-1,재난재해,1,,사연교,0,,02-2100-5397,35.578055,129.200073,2018-03-07
"울산광역시 시청",,울산광역시 울주군 언약읍 구수리 967,재난재해,1,,구수교,0,,02-2100-5397,35.545535,129.158516,2018-03-07
"울산광역시 시청",,울산광역시 울주군 온양읍 망양리 725-1,재난재해,1,,동천1교,0,,02-2100-5397,35.459998,129.291997,2018-03-07
"울산 동구청",,울산광역시 동구 주전동 95-6,재난재해,1,,주전동 주전해변(열화상),0,,02-2100-5397,35.561487,129.456443,2018-03-07
"울산 동구청",,울산광역시 동구 주전동 95-6,재난재해,1,,주전동 주전해변,0,,02-2100-5397,35.561487,129.456443,2018-03-07
"북구청",,울산광역시 북구 연암동,재난재해,1,,중산동 오림보,0,,02-2100-5397,35.662823,129.353389,2018-03-07
"울주군청",,울산광역시 울주군 삼남면 교동리 산102-1,재난재해,1,,삼남면 작천정계곡,0,,02-2100-5397,35.551898,129.100860,2018-03-07
"울주군청",,울산광역시 울주군 상북면 이천리 614,재난재해,1,,상북면 배내골계곡,0,,02-2100-5397,35.534762,129.010185,2018-03-07
"울주군청",,울산광역시 울주군 온산읍 덕신리 402-5,재난재해,1,,온산읍 덕신대교,0,,02-2100-5397,35.428309,129.304485,2018-03-07
"울주군청",,울산광역시 울주군 청량면 덕하로 262,재난재해,1,,청량면 덕정배수장,0,,02-2100-5397,35.494162,129.306047,2018-03-07
"울주군청",,울산광역시 울주군 상북면 덕현리 1225-15,재난재해,1,,상북면 소야정마을,0,,02-2100-5397,35.616853,129.055646,2018-03-07
"세종특별자치시 시청",,세종특별자치시 조치원읍 신안리 480-1,재난재해,1,,조치원읍 조형아파트,0,,02-2100-5397,36.635537,127.287998,2018-03-07
"세종특별자치시 시청",,세종특별자치시 연동면 예양리 775,재난재해,1,,연동면 미호천교,0,,02-2100-5397,36.581591,127.316396,2018-03-07
"세종특별자치시 시청",,세종특별자치시 전의면 읍내리 198-1,재난재해,1,,전의면 북암천,0,,02-2100-5397,36.679330,127.205709,2018-03-07
"세종특별자치시 시청",,세종특별자치시 연서면 고복리 504,재난재해,1,,연서면 조각공원,0,,02-2100-5397,36.612578,127.246894,2018-03-07
"세종특별자치시 시청",,세종특별자치시 연서면 용암리 315-23,재난재해,1,,연서면 수영장,0,,02-2100-5397,36.599244,127.227823,2018-03-07
"세종특별자치시 시청",,세종특별자치시 연서면 용암리 산 24-12,재난재해,1,,연서면 상록수가든,0,,02-2100-5397,36.601533,127.232663,2018-03-07
"세종특별자치시 시청",,세종특별자치시 전동면 석곡리 47-8,재난재해,1,,전동면 석곡리,0,,02-2100-5397,36.654922,127.261786,2018-03-07
"세종특별자치시 시청",,세종특별자치시 조치원읍 원리 132-1,재난재해,1,,조치원읍 욱일 지하차도,0,,02-2100-5397,36.603862,127.296901,2018-03-07
"수원시청",,경기도 수원시 권선구 권선동 856-4,재난재해,1,,권선구권선동장다리천,0,,02-2100-5397,37.243254,127.019276,2018-03-07
"수원시청",,경기도 수원시 장안구 정자동 897,재난재해,1,,수원시연꽃교,0,,02-2100-5397,37.294637,126.994687,2018-03-07
"수원시청",,경기도 수원시 장안구 천천동 12-1,재난재해,1,,수원시노루교,0,,02-2100-5397,37.304658,126.982214,2018-03-07
"수원시청",,경기도 수원시 팔달구 화서동 407,재난재해,1,,수원시화산교,0,,02-2100-5397,37.283094,126.985810,2018-03-07
"수원시청",,경기도 수원시 영통구 신동 940,재난재해,1,,수원시 신동지구저류지,0,,02-2100-5397,37.246787,127.046113,2018-03-07
"수원시청",,경기도 수원시 장안구 영화동 380-112,재난재해,1,,장안구영화동삼희교,0,,02-2100-5397,37.295035,127.024560,2018-03-07
"성남시청",,경기도 성남시 분당구 수내동 44번지,재난재해,1,,백현교,0,,02-2100-5397,37.381873,127.114393,2018-03-07
"성남시청",,경기도 성남시 분당구 구미동 78번지,재난재해,1,,미금교,0,,02-2100-5397,37.351102,127.120161,2018-03-07
"의정부시청",,경기도 의정부시 용현동 63,재난재해,1,,흥선지하차도,0,,02-2100-5397,37.730490,127.085840,2018-03-07
"의정부시청",,경기도 의정부시 의정부3동 141-1,재난재해,1,,장암동배수펌프장,0,,02-2100-5397,37.738250,127.048190,2018-03-07
"안양시청",,경기도 안양시 만안구 석수동 313-22,재난재해,1,,안양대교,0,,02-2100-5397,37.409454,126.911575,2018-03-07
"안양시청",,경기도 안양시 동안구 관양동 1609,재난재해,1,,수촌교(동안구 관양동),0,,02-2100-5397,37.401352,126.955900,2018-03-07
"안양시청",,경기도 안양시 만안구 안양동 안양대교,재난재해,1,,안양대교,0,,02-2100-5397,37.408997,126.912758,2018-03-07
"안양시청",,경기도 안양시 동안구 관양로 215,재난재해,1,,관양교,0,,02-2100-5397,37.402147,126.971064,2018-03-07
"안양시청",,경기도 안양시 만안구 양화로 28,재난재해,1,,양지1교,0,,02-2100-5397,37.396286,126.914803,2018-03-07
"부천시청",,경기도 부천시 원미구 상동 529-1,재난재해,1,,원미구 상동 굴포천 유수지,0,,02-2100-5397,37.513853,126.747190,2018-03-07
"부천시청",,경기도 부천시 원미구 상동 529-1,재난재해,1,,원미구 상동 굴포천 배수문,0,,02-2100-5397,37.513853,126.747190,2018-03-07
"부천시청",,경기도 부천시 오정구 삼정동 366-5,재난재해,1,,원미구 중동8련박스,0,,02-2100-5397,37.520680,126.760637,2018-03-07
"부천시청",,경기도 부천시 소사구 송내동 532-2,재난재해,1,,소사 중동고가,0,,02-2100-5397,37.486381,126.764524,2018-03-07
"부천시청",,경기도 부천시 소사구 심곡본동 산 55-5,재난재해,1,,소사 하우로,0,,02-2100-5397,37.474384,126.783046,2018-03-07
"부천시청",,경기도 부천시 소사구 괴안동 241-8,재난재해,1,,소사 동남4거리,0,,02-2100-5397,37.475750,126.807763,2018-03-07
"부천시청",,경기도 부천시 소사구 범박동 54-5,재난재해,1,,소사 서해안로,0,,02-2100-5397,37.470467,126.814539,2018-03-07
"부천시청",,경기도 부천시 소사구 괴안동12-5,재난재해,1,,소사 역곡천,0,,02-2100-5397,37.481949,126.819744,2018-03-07
"부천시청",,경기도 부천시 소사구 괴안동 128-2,재난재해,1,,소사 역곡지하차도,0,,02-2100-5397,37.485277,126.813346,2018-03-07
"부천시청",,경기도 부천시 소사구 송내2동631도,재난재해,1,,성주로,0,,02-2100-5397,37.482570,126.769603,2018-03-07
"부천시청",,경기도 부천시 소사구 소사본동 산60-6,재난재해,1,,여우고개,0,,02-2100-5397,37.467100,126.791050,2018-03-07
"부천시청",,경기도 부천시 소사구 괴안동 222,재난재해,1,,괴안동222,0,,02-2100-5397,37.480518,126.810975,2018-03-07
"평택시청",,경기도 평택시 팽성읍 팽성대교길,재난재해,1,,팽성읍 팽성대교,0,,02-2100-5397,36.976819,127.036291,2018-03-07
"평택시청",,경기도 평택시 고덕면 동청리,재난재해,1,,고덕면 동연교,0,,02-2100-5397,37.052772,126.996327,2018-03-07
"평택시청",,경기도 평택시 팽성읍 신호리-1-15번지,재난재해,1,,팽성읍 안성천1교,0,,02-2100-5397,36.990590,127.060792,2018-03-07
"평택시청",,경기도 평택시 유천동168-2번지,재난재해,1,,유천동 안성천교,0,,02-2100-5397,36.972095,127.115722,2018-03-07
"평택시청",,경기도 평택시 팽성읍 평궁리166-8번지,재난재해,1,,팽성읍 안성천고가교,0,,02-2100-5397,36.976477,127.090660,2018-03-07
"평택시청",,경기도 평택시 진위면 마산리 949,재난재해,1,,진위면 봉남교,0,,02-2100-5397,37.095353,127.086863,2018-03-07
"평택시청",,경기도 평택시 서탄면 사리 938 번지,재난재해,1,,서탄면 사리교,0,,02-2100-5397,37.116632,127.050793,2018-03-07
"평택시청",,경기도 평택시 서탄면 내천리 587-9,재난재해,1,,서탄면 수직교,0,,02-2100-5397,37.124834,127.003101,2018-03-07
"평택시청",,경기도 평택시 유천동502-2번지,재난재해,1,,유천동 경부철도변,0,,02-2100-5397,36.969292,127.106387,2018-03-07
"동두천시청",,경기도 동두천시 상봉암동 120-1,재난재해,1,,소요교2,0,,02-2100-5397,37.947222,127.059702,2018-03-07
"동두천시청",,경기도 동두천시 상패동 59-1,재난재해,1,,신천교(HD),0,,02-2100-5397,37.903592,127.049082,2018-03-07
"동두천시청",,경기도 동두천시 상봉암동 120-1,재난재해,1,,소요교3,0,,02-2100-5397,37.947222,127.059702,2018-03-07
"동두천시청",,경기도 동두천시 상봉암동 120-1,재난재해,1,,소요교4,0,,02-2100-5397,37.947222,127.059702,2018-03-07
"동두천시청",,경기도 동두천시 하봉암동 12-1,재난재해,1,,동막천1,0,,02-2100-5397,37.958428,127.070919,2018-03-07
"동두천시청",,경기도 동두천시 하봉암동 12-1,재난재해,1,,동막천2,0,,02-2100-5397,37.958428,127.070919,2018-03-07
"동두천시청",,경기도 동두천시 상봉암동 120-1,재난재해,1,,소요교1,0,,02-2100-5397,37.947222,127.059702,2018-03-07
"동두천시청",,경기도 동두천시 생연동 동광교,재난재해,1,,동광교,0,,02-2100-5397,37.908828,127.050008,2018-03-07
"고양시청",,경기도 고양시 덕양구 화전동 454-2(제2화전교),재난재해,1,,창릉천,0,,02-2100-5397,37.615585,126.869760,2018-03-07
"고양시청",,경기도 고양시 덕양구 원당동 73,재난재해,1,,공릉천,0,,02-2100-5397,37.684608,126.866172,2018-03-07
"고양시청",,경기도 고양시 덕양구 벽제동 265-3,재난재해,1,,벽제천,0,,02-2100-5397,37.706590,126.904320,2018-03-07
"고양시청",,경기도 고양시 덕양구 덕은동 413-9,재난재해,1,,향동천,0,,02-2100-5397,37.579619,126.855598,2018-03-07
"고양시청",,경기도 고양시 덕양구 산황동 788,재난재해,1,,도촌천,0,,02-2100-5397,37.650890,126.807596,2018-03-07
"고양시청",,경기도 고양시 덕양구 벽제동 산2,재난재해,1,,시립묘지,0,,02-2100-5397,37.746455,126.915440,2018-03-07
"고양시청",,경기도 고양시 덕양구 행주외동 256,재난재해,1,,행주대교,0,,02-2100-5397,37.605168,126.814107,2018-03-07
"고양시청",,경기도 고양시 덕양구 벽제동 산65,재난재해,1,,혜음령,0,,02-2100-5397,37.721885,126.893297,2018-03-07
"고양시청",,경기도 고양시 덕양구 화전동 757,재난재해,1,,화도교,0,,02-2100-5397,37.610299,126.860207,2018-03-07
"고양시청",,경기도 고양시 덕양구 관산동 358(주주동물원),재난재해,1,,쥬쥬동물원,0,,02-2100-5397,37.693043,126.856913,2018-03-07
"고양시청",,경기도 고양시 덕양구 신원동 584(벽제육교),재난재해,1,,송강보,0,,02-2100-5397,37.679403,126.883351,2018-03-07
"고양시청",,경기도 고양시 덕양구 선유동 382,재난재해,1,,능선교,0,,02-2100-5397,37.676569,126.910814,2018-03-07
"고양시청",,경기도 고양시 일산동구 장항동 906,재난재해,1,,장항지하차도,0,,02-2100-5397,37.648629,126.758842,2018-03-07
"고양시청",,경기도 고양시 일산동구 백석동 417,재난재해,1,,백석신교,0,,02-2100-5397,37.638777,126.793363,2018-03-07
"고양시청",,경기도 고양시 일산동구 장항동 870,재난재해,1,,일산중앙로,0,,02-2100-5397,37.648629,126.758842,2018-03-07
"고양시청",,경기도 고양시 일산서구 대화동 1700,재난재해,1,,가좌천,0,,02-2100-5397,37.676048,126.741399,2018-03-07
"고양시청",,경기도 고양시 일산서구 송산동 963,재난재해,1,,송포간이펌프,0,,02-2100-5397,37.692787,126.705257,2018-03-07
"고양시청",,경기도 고양시 일산서구 법곶동 1676-1,재난재해,1,,법곳무인펌프,0,,02-2100-5397,37.663368,126.711138,2018-03-07
"고양시청",,경기도 고양시 덕양구 신평동 3,재난재해,1,,신평펌프장,0,,02-2100-5397,37.620775,126.794042,2018-03-07
"고양시청",,경기도 고양시 덕양구 주교동 607,재난재해,1,,원당무인펌프,0,,02-2100-5397,37.655997,126.832245,2018-03-07
"고양시청",,경기도 고양시 덕양구현천동 534,재난재해,1,,현천펌프장,0,,02-2100-5397,37.589936,126.852350,2018-03-07
"구리시청",,경기도 구리시 사노동 131-3,재난재해,1,,사노동 왕숙체육공원부근,0,,02-2100-5397,37.633805,127.147295,2018-03-07
"구리시청",,경기도 구리시 수택1동 367-1,재난재해,1,,수택동 왕숙천제방도로,0,,02-2100-5397,37.602981,127.148400,2018-03-07
"구리시청",,경기도 구리시 수택3동 48-192,재난재해,1,,토평동 육갑문4호,0,,02-2100-5397,37.584353,127.149979,2018-03-07
"오산시청",,경기도 오산시 청학동 34-7,재난재해,1,,남촌동 남촌대교,0,,02-2100-5397,37.152151,127.062989,2018-03-07
"오산시청",,경기도 오산시 누읍동 179-2,재난재해,1,,탑동 탑동대교,0,,02-2100-5397,37.133132,127.058221,2018-03-07
"오산시청",,경기도 오산시 수청동 612,재난재해,1,,오산대역SD,0,,02-2100-5397,37.167418,127.062712,2018-03-07
"오산시청",,경기도 오산시 오산동 816-49,재난재해,1,,오산철교,0,,02-2100-5397,37.154618,127.068117,2018-03-07
"오산시청",,경기도 오산시 오산동 816-49,재난재해,1,,오산철교(열화상),0,,02-2100-5397,37.154618,127.068117,2018-03-07
"오산시청",,경기도 오산시 누읍동 179-2,재난재해,1,,탑동대교(열화상),0,,02-2100-5397,37.133811,127.055915,2018-03-07
"오산시청",,경기도 오산시 내삼미동 894,재난재해,1,,오산대역사거리SD,0,,02-2100-5397,37.175757,127.060882,2018-03-07
"오산시청",,경기도 오산시 누읍동 179-2,재난재해,1,,재활용SD,0,,02-2100-5397,37.133273,127.058482,2018-03-07
"오산시청",,경기도 오산시 탑동 89,재난재해,1,,두곡교SD,0,,02-2100-5397,37.134510,127.054591,2018-03-07
"오산시청",,경기도 오산시 은계동 9-11,재난재해,1,,금오대교,0,,02-2100-5397,37.566535,126.977969,2018-03-07
"시흥시청",,경기도 시흥시 미산동 718-13,재난재해,1,,은행천,0,,02-2100-5397,37.407980,126.788441,2018-03-07
"시흥시청",,경기도 시흥시 과림동 146-6,재난재해,1,,목감천,0,,02-2100-5397,37.450503,126.838590,2018-03-07
"시흥시청",,경기도 시흥시 물왕동 337-1,재난재해,1,,보통천 상류,0,,02-2100-5397,37.383473,126.829992,2018-03-07
"시흥시청",,경기도 시흥시 하중동 146-4,재난재해,1,,보통천 중류,0,,02-2100-5397,37.404455,126.797122,2018-03-07
"시흥시청",,경기도 시흥시 정왕동 1791,재난재해,1,,정왕천,0,,02-2100-5397,37.337965,126.746624,2018-03-07
"시흥시청",,경기도 시흥시 정왕동 1918,재난재해,1,,군자천,0,,02-2100-5397,37.348740,126.737479,2018-03-07
"시흥시청",,경기도 시흥시 정왕동 1901,재난재해,1,,옥구천,0,,02-2100-5397,37.353186,126.725805,2018-03-07
"시흥시청",,경기도 시흥시 정왕동 2155,재난재해,1,,시흥천,0,,02-2100-5397,37.336968,126.754559,2018-03-07
"시흥시청",,경기도 시흥시 신천동 683-8,재난재해,1,,신천  2교,0,,02-2100-5397,37.435812,126.780170,2018-03-07
"의왕시청",,경기도 의왕시 포일동 568-1,재난재해,1,,청계동 포일교학의천,0,,02-2100-5397,37.391741,126.985420,2018-03-07
"의왕시청",,경기도 의왕시 고천동 439-35,재난재해,1,,고천동 안양천 고천4교,0,,02-2100-5397,37.353879,126.966826,2018-03-07
"의왕시청",,경기도 의왕시 포일동 568-1,재난재해,1,,청계동 포일교학의천2,0,,02-2100-5397,37.233027,126.590751,2018-03-07
"의왕시청",,경기도 의왕시 고천동 495-35,재난재해,1,,고천동 안양천 고천4교_회,0,,02-2100-5397,37.205719,126.584171,2018-03-07
"하남시",,경기도 하남시 신장동 덕풍교(243-1번지),재난재해,1,,신장동 덕풍교,0,,02-2100-5397,37.548299,127.219050,2018-03-07
"용인시청",,경기도 용인시 처인구 포곡읍 전대리 546-99,재난재해,1,,전대2교,0,,02-2100-5397,37.288570,127.215223,2018-03-07
"용인시청",,경기도 용인시 처인구 포곡읍 삼계리 671,재난재해,1,,삼계리 세월교,0,,02-2100-5397,37.295703,127.233172,2018-03-07
"용인시청",,경기도 용인시 처인구 모현면 갈담리 657-30,재난재해,1,,갈담리 세월교,0,,02-2100-5397,37.318823,127.241314,2018-03-07
"용인시청",,경기도 용인시 처인구 모현면 초부리 447-10,재난재해,1,,초부교,0,,02-2100-5397,37.313033,127.238295,2018-03-07
"용인시청",,경기도 용인시 처인구 김량장동 473-47,재난재해,1,,금북교,0,,02-2100-5397,37.237823,127.206928,2018-03-07
"용인시청",,경기도 용인시  처인구 백암면 백암리 641-16,재난재해,1,,근창리 세월교,0,,02-2100-5397,37.165905,127.371238,2018-03-07
"용인시청",,경기도 용인시 기흥구 마북동 374-1,재난재해,1,,삼거교,0,,02-2100-5397,37.295101,127.111244,2018-03-07
"용인시청",,경기도 용인시 기흥구 신갈동 27-2,재난재해,1,,구갈상교,0,,02-2100-5397,37.270469,127.106429,2018-03-07
"용인시청",,경기도 용인시 기흥구 하갈동 583-18,재난재해,1,,기흥장례식장 앞,0,,02-2100-5397,37.253167,127.103033,2018-03-07
"용인시청",,경기도 용인시 수지구 죽전동 1295,재난재해,1,,죽전이마트 뒤,0,,02-2100-5397,37.324456,127.109830,2018-03-07
"용인시청",,경기도 용인시 처인구 유방동 250-2,재난재해,1,,방축세월교,0,,02-2100-5397,37.263386,127.214946,2018-03-07
"용인시청",,경기도 용인시 처인구 이동면 송전리 787-1,재난재해,1,,송전2교,0,,02-2100-5397,37.142941,127.199093,2018-03-07
"용인시청",,경기도 용인시 기흥구 구갈동 480,재난재해,1,,녹십자 세월교,0,,02-2100-5397,37.274884,127.113635,2018-03-07
"용인시청",,경기도 용인시 수지구 고기동 232-8,재난재해,1,,고기동 제2경보국,0,,02-2100-5397,37.359059,127.048246,2018-03-07
"용인시청",,경기도 용인시 수지구 죽전동 1423,재난재해,1,,죽전교,0,,02-2100-5397,37.326476,127.110611,2018-03-07
"파주시청",,경기도 파주시 교하동 535-3,재난재해,1,,영천배수문하류 외,0,,02-2100-5397,37.752869,126.746987,2018-03-07
"파주시청",,경기도 파주시 문산읍 마정리 592-5,재난재해,1,,통일대교,0,,02-2100-5397,37.899599,126.747081,2018-03-07
"이천시청",,경기도 이천시 호법면 후안리 6,재난재해,1,,호법면 주미리 주미교,0,,02-2100-5397,37.223470,127.423452,2018-03-07
"이천시청",,경기도 이천시 대월면 군량리 268-7,재난재해,1,,설성면 송계리 군량교,0,,02-2100-5397,37.183915,127.512627,2018-03-07
"이천시청",,경기도 이천시 송정동 397-8,재난재해,1,,송정동 송정교,0,,02-2100-5397,37.302614,127.438127,2018-03-07
"이천시청",,경기도 이천시 설성면 자석리 401,재난재해,1,,설성면 자석리 문드러니고개,0,,02-2100-5397,37.169275,127.557658,2018-03-07
"안성시청",,경기도 안성시 일죽면 능국리 566-3,재난재해,1,,일죽면 청미교,0,,02-2100-5397,37.110504,127.491382,2018-03-07
"안성시청",,경기도 안성시 대덕면 죽리 703-3,재난재해,1,,죽리(안성천),0,,02-2100-5397,36.989502,127.224869,2018-03-07
"안성시청",,경기도 안성시 미양면 신계리 199,재난재해,1,,신계리(안성천),0,,02-2100-5397,36.965106,127.172651,2018-03-07
"안성시청",,경기도 안성시 일죽면 월정리 82-4,재난재해,1,,월정리(청미천),0,,02-2100-5397,37.101202,127.453647,2018-03-07
"안성시청",,경기도 안성시 서운면 청용리 288,재난재해,1,,서운(바우덕이묘),0,,02-2100-5397,36.911992,127.273527,2018-03-07
"안성시청",,경기도 안성시 양성면 산정리 21-1,재난재해,1,,양성(산우물저수지),0,,02-2100-5397,37.087565,127.199531,2018-03-07
"안성시청",,경기도 안성시 죽산면 매산리 745-1,재난재해,1,,죽산(매산리한평교),0,,02-2100-5397,37.106916,127.431002,2018-03-07
"김포시청",,경기도 김포시 걸포동 423-281,재난재해,1,,걸포동 일산대교,0,,02-2100-5397,37.644015,126.714314,2018-03-07
"김포시청",,경기도 김포시 고촌읍 신곡리 102-4,재난재해,1,,통진휴게소,0,,02-2100-5397,37.608540,126.784537,2018-03-07
"김포시청",,경기도 김포시 고촌읍 향산리 136,재난재해,1,,고촌읍 향산계양천,0,,02-2100-5397,37.620021,126.739387,2018-03-07
"화성시청",,경기도 화성시 향남읍 평리 105-2,재난재해,1,,향남읍 발안천1,0,,02-2100-5397,37.131668,126.907200,2018-03-07
"화성시청",,경기도 화성시 향남읍 평리 121-1,재난재해,1,,향남읍 발안천2,0,,02-2100-5397,37.130800,126.907500,2018-03-07
"경기 광주시청",,경기도 광주시 곤지암읍 곤지암리 453-15,재난재해,1,,곤지암주차장,0,,02-2100-5397,37.350493,127.336778,2018-03-07
"경기 광주시청",,경기도 광주시 퇴촌면 관음리 172-12,재난재해,1,,관음리 상류,0,,02-2100-5397,37.447032,127.347769,2018-03-07
"경기 광주시청",,경기도 광주시 퇴촌면 관음리 172-12,재난재해,1,,관음리 하류,0,,02-2100-5397,37.447032,127.347769,2018-03-07
"경기 광주시청",,경기도 광주시 초월읍 지월리 729-63,재난재해,1,,광주지방공사,0,,02-2100-5397,37.419462,127.283751,2018-03-07
"경기 광주시청",,경기도 광주시 초월읍 대쌍령리 450,재난재해,1,,남촌풀장,0,,02-2100-5397,37.386767,127.299465,2018-03-07
"경기 광주시청",,경기도 광주시 초월읍 늑현리 193-73,재난재해,1,,늑현교,0,,02-2100-5397,37.365628,127.315857,2018-03-07
"경기 광주시청",,경기도 광주시 초월읍 도평리 76,재난재해,1,,대성학원,0,,02-2100-5397,37.397441,127.303548,2018-03-07
"경기 광주시청",,경기도 광주시 초월읍 대쌍령리 96-4,재난재해,1,,대쌍 신일아파트,0,,02-2100-5397,37.387356,127.295070,2018-03-07
"경기 광주시청",,경기도 광주시 도척면 궁평리 132-7,재난재해,1,,궁평리 노곡천,0,,02-2100-5397,37.336538,127.326206,2018-03-07
"경기 광주시청",,경기도 광주시 초월읍 도평리 233-40,재난재해,1,,도평리 식당가,0,,02-2100-5397,37.401237,127.302111,2018-03-07
"경기 광주시청",,경기도 광주시 초월읍 도평리 253-1,재난재해,1,,도평리 섬뜰교,0,,02-2100-5397,37.398704,127.292168,2018-03-07
"경기 광주시청",,경기도 광주시 오포읍 매산리 626-62,재난재해,1,,오포공설운동장,0,,02-2100-5397,37.369694,127.240513,2018-03-07
"경기 광주시청",,경기도 광주시 경안동 99-1,재난재해,1,,목현천 주차장,0,,02-2100-5397,37.414443,127.254510,2018-03-07
"경기 광주시청",,경기도 광주시 곤지암읍 삼리 612-22,재난재해,1,,곤지암 상설운동장,0,,02-2100-5397,37.376027,127.322673,2018-03-07
"경기 광주시청",,경기도 광주시 초월읍 용수리 503-1 일원,재난재해,1,,쌍용교,0,,02-2100-5397,37.383529,127.301182,2018-03-07
"경기 광주시청",,경기도 광주시 초월읍 지월리 69-4,재난재해,1,,지월삼거리,0,,02-2100-5397,37.410203,127.290229,2018-03-07
"경기 광주시청",,경기도 광주시 초월읍 지월리 725-5,재난재해,1,,지월리 경수교,0,,02-2100-5397,37.417820,127.284877,2018-03-07
"경기 광주시청",,경기도 광주시 초월읍 지월리 299-2,재난재해,1,,지월리 아치교,0,,02-2100-5397,37.413080,127.292642,2018-03-07
"경기 광주시청",,경기도 광주시 곤지암읍 열미리 527,재난재해,1,,열미리 황씨보,0,,02-2100-5397,37.357173,127.373324,2018-03-07
"경기 광주시청",,경기도 광주시 오포읍 매산리 679-8,재난재해,1,,매산리 상류,0,,02-2100-5397,37.358782,127.239614,2018-03-07
"경기 광주시청",,경기도 광주시 쌍령동 480-4,재난재해,1,,청석공원[이마트],0,,02-2100-5397,37.409664,127.261941,2018-03-07
"경기 광주시청",,경기도 광주시 초월읍 무갑리 835 (무갑3교),재난재해,1,,무갑천 중류,0,,02-2100-5397,37.421095,127.261941,2018-03-07
"경기 광주시청",,경기도 광주시 중부면 광지원리 5-2 일원,재난재해,1,,남한산성 광지원 매표소,0,,02-2100-5397,37.460221,127.241160,2018-03-07
"경기 광주시청",,경기도 광주시 곤지암읍 곤지암리 555-144,재난재해,1,,곤지암사거리,0,,02-2100-5397,37.349619,127.347333,2018-03-07
"경기 광주시청",,경기도 광주시 곤지암읍 만선리 431-5,재난재해,1,,만선교,0,,02-2100-5397,37.366830,127.406930,2018-03-07
"포천시청",,경기도 포천시 신북면 신평리 655-5,재난재해,1,,신북면 신평리 신북대교,0,,02-2100-5397,37.925936,127.218822,2018-03-07
"포천시청",,경기도 포천시 영중면 양문리 974-54,재난재해,1,,영중면 양문리 사은교,0,,02-2100-5397,38.000795,127.239118,2018-03-07
"포천시청",,경기도 포천시 이동면 노곡리 1240-6,재난재해,1,,일동면 수입리 삼팔교,0,,02-2100-5397,38.000844,127.310802,2018-03-07
"포천시청",,경기도 포천시 일동면 사직리 913-4,재난재해,1,,일동면 사직리 낭유대교,0,,02-2100-5397,38.001087,127.326823,2018-03-07
"포천시청",,경기도 포천시 가산면 방축리 632-11,재난재해,1,,가산면 방축리 가산교,0,,02-2100-5397,37.840560,127.168566,2018-03-07
"포천시청",,경기도 포천시 군내면 하성북리 770-14,재난재해,1,,군내면 하성북리 포천가동보,0,,02-2100-5397,37.902841,127.209835,2018-03-07
"포천시청",,경기도 포천시 이동면 노곡리 산100-1,재난재해,1,,이동면 노곡리 낭유고개상단,0,,02-2100-5397,38.039586,127.328259,2018-03-07
"포천시청",,경기도 포천시 영북면 산정리 산11-3,재난재해,1,,영북면 산정리 낭유고개하단,0,,02-2100-5397,38.054408,127.326243,2018-03-07
"포천시청",,경기도 포천시 관인면 초과리 산77-5,재난재해,1,,관인면  초과리 남창고개,0,,02-2100-5397,38.146214,127.230281,2018-03-07
"여주시청",,경기도 여주시 여주읍 상리 288-2,재난재해,1,,여주읍 여주대교,0,,02-2100-5397,37.297215,127.648156,2018-03-07
"여주시청",,경기도 여주시 연양동 323-4,재난재해,1,,연양리유원지,0,,02-2100-5397,37.294028,127.662034,2018-03-07
"여주시청",,경기도 여주시 대신면 가산리 623-4,재난재해,1,,가산리 저지대침수지,0,,02-2100-5397,37.335666,127.611049,2018-03-07
"여주시청",,경기도 여주시 금사면 전북리 350,재난재해,1,,전북리유원지(하천삼각지),0,,02-2100-5397,37.438297,127.505042,2018-03-07
"여주시청",,경기도 여주시 강천면 부평리 621,재난재해,1,,가마섬유원지,0,,02-2100-5397,37.251273,127.751099,2018-03-07
"연천군청",,경기도 연천군 청산면 초성리 331-6,재난재해,1,,청산면 초성리 한탄대교,0,,02-2100-5397,38.004835,127.066622,2018-03-07
"연천군청",,경기도 연천군 군남면 진상리 623-3,재난재해,1,,군남면 진상리 임진교,0,,02-2100-5397,38.057853,127.018576,2018-03-07
"연천군청",,경기도 연천군 장남면 고랑포리 47,재난재해,1,,장남면 장남펌프장3,0,,02-2100-5397,37.986581,126.822595,2018-03-07
"연천군청",,경기도 연천군 연천읍 동막리 617,재난재해,1,,연천읍 동막리 부흥교,0,,02-2100-5397,38.107926,127.123073,2018-03-07
"연천군청",,경기도 연천군 미산면 마전리 237,재난재해,1,,미산면 마전리 삼화교,0,,02-2100-5397,38.025249,126.983204,2018-03-07
"가평군청",,경기도 가평군 북면 적목리 산 45-6,재난재해,1,,재난38교1,0,,02-2100-5397,37.988861,127.441333,2018-03-07
"가평군청",,경기도 가평군 북면 적목리 산 45-6,재난재해,1,,재난38교2,0,,02-2100-5397,37.988861,127.441333,2018-03-07
"가평군청",,경기도 가평군 가평읍 승안리 1-6,재난재해,1,,가평승안천,0,,02-2100-5397,37.840167,127.510000,2018-03-07
"가평군청",,경기도 가평군 가평읍 대곡리 산 104,재난재해,1,,가평하천,0,,02-2100-5397,37.824278,127.518500,2018-03-07
"가평군청",,경기도 가평군 청평면 청평리 627-9,재난재해,1,,공고다리뚝방,0,,02-2100-5397,37.733222,127.414111,2018-03-07
"가평군청",,경기도 가평군 청평면 대성리 산 190-9,재난재해,1,,구운천,0,,02-2100-5397,37.681417,127.374944,2018-03-07
"가평군청",,경기도 가평군 조종면 운악리 250-1,재난재해,1,,노체교,0,,02-2100-5397,37.875694,127.356917,2018-03-07
"가평군청",,경기도 가평군 상면 덕현리 691,재난재해,1,,덕현리느티나무유원지,0,,02-2100-5397,37.758000,127.397000,2018-03-07
"가평군청",,경기도 가평군 북면 적목리 678,재난재해,1,,명화교,0,,02-2100-5397,37.969222,127.458167,2018-03-07
"강원도청",,강원도 철원군 갈말읍 신철원3리 102,재난재해,1,,철원군 갈말읍 용화저수지,0,,02-2100-5397,38.128411,127.350846,2018-03-07
"강원도청",,강원도 화천군 화천읍 중2리 212-8,재난재해,1,,화천 화천읍 중리 배머리뚝방,0,,02-2100-5397,38.104288,127.707157,2018-03-07
"강원도청",,강원도 정선군 여량면 여량리 186-1,재난재해,1,,정선 아우라지전수관,0,,02-2100-5397,37.475662,128.724108,2018-03-07
"강원도청",,강원도 원주시 관설도 섭재삼보길,재난재해,1,,원주시 관설동 대평교,0,,02-2100-5397,37.311311,127.976803,2018-03-07
"춘천시청",,강원도 춘천시 서면 당림리 303,재난재해,1,,남산면 강촌리 강촌교,0,,02-2100-5397,37.818405,127.633826,2018-03-07
"춘천시청",,강원도 춘천시 퇴계동 709-2,재난재해,1,,퇴계동 효자교,0,,02-2100-5397,37.866194,127.728047,2018-03-07
"춘천시청",,강원도 춘천시 동면 지내리 9-1번지,재난재해,1,,동면 지내리 세월교,0,,02-2100-5397,37.926429,127.787648,2018-03-07
"춘천시청",,강원도 춘천시 신동 1094-7번지,재난재해,1,,신동면 한계천,0,,02-2100-5397,37.933068,127.718655,2018-03-07
"춘천시청",,강원도 춘천시 삼천동 산9-3번지,재난재해,1,,공지천,0,,02-2100-5397,37.871744,127.708982,2018-03-07
"춘천시청",,강원도 춘천시 석사동 130-12,재난재해,1,,태백교 CCTV,0,,02-2100-5397,37.848671,127.755146,2018-03-07
"춘천시청",,강원도 춘천시 신동면 의암리 202-4,재난재해,1,,의암리 CCTV,0,,02-2100-5397,37.828726,127.679525,2018-03-07
"춘천시청",,강원도 춘천시 사북면 오탄리 697-3,재난재해,1,,오탄리 CCTV,0,,02-2100-5397,38.047250,127.602990,2018-03-07
"강릉시청",,강원도 강릉시 사선면 석교리 333-11,재난재해,1,,사천 구라미,0,,02-2100-5397,37.502900,128.502700,2018-03-07
"동해시청",,강원도 동해시 대동로 137  (북평동),재난재해,1,,북평동 북평동주민센터,0,,02-2100-5397,37.483766,129.125010,2018-03-07
"동해시청",,강원도 동해시 삼화동 635-2,재난재해,1,,삼화동 무릉계곡,0,,02-2100-5397,37.469410,129.036247,2018-03-07
"태백서버",,강원도 태백시 태백로 1239,재난재해,1,,상장동 청소년교(황지천),0,,02-2100-5397,37.148236,128.994470,2018-03-07
"태백서버",,강원도 태백시 장성시장 2길 34,재난재해,1,,장성동 협심1교(황지천),0,,02-2100-5397,37.100655,129.010872,2018-03-07
"태백서버",,강원도 태백시 동태백로 18,재난재해,1,,구문소동 구문소교,0,,02-2100-5397,37.091752,129.043695,2018-03-07
"태백서버",,강원도 태백시 방터골 1길 59,재난재해,1,,구문소동 방터교 (철암천),0,,02-2100-5397,37.100640,129.050528,2018-03-07
"태백서버",,강원도 태백시 철암길 2,재난재해,1,,철암동 신설교(철암천),0,,02-2100-5397,37.117258,129.039768,2018-03-07
"태백서버",,강원도 태백시 상철암길 28-6,재난재해,1,,철암동 매산골천,0,,02-2100-5397,37.125357,129.045535,2018-03-07
"태백서버",,강원도 태백시 백두대간로 1298,재난재해,1,,삼수동 상사미1교(골지천),0,,02-2100-5397,37.277625,128.990567,2018-03-07
"속초시청",,강원도 속초시 노학동 760-12천,재난재해,1,,노학동 금호교,0,,02-2100-5397,38.187119,128.546547,2018-03-07
"속초시청",,강원도 속초시 교동 676-8제,재난재해,1,,교동 청초교,0,,02-2100-5397,38.193064,128.578522,2018-03-07
"속초시청",,강원도 속초시 설악동 산57-2천,재난재해,1,,설악동 도문교,0,,02-2100-5397,38.164447,128.545069,2018-03-07
"삼척시청",,강원도 삼척시 가곡면 가곡천로 1477,재난재해,1,,가곡면사무소,0,,02-2100-5397,37.133611,129.205000,2018-03-07
"삼척시청",,강원도 삼척시 미로면 상정리 221,재난재해,1,,상정교,0,,02-2100-5397,37.382778,129.098611,2018-03-07
"삼척시청",,강원도 삼척시 가곡면 덕풍길 880,재난재해,1,,덕풍계곡(상),0,,02-2100-5397,37.103611,129.178333,2018-03-07
"삼척시청",,강원도 삼척시 근덕면 동막리 1780-172,재난재해,1,,내평계곡,0,,02-2100-5397,37.325352,129.231099,2018-03-07
"영월군청",,강원도 영월군 영월읍 덕포리539-10,재난재해,1,,동강둔치(동강대교),0,,02-2100-5397,37.179294,128.473784,2018-03-07
"영월군청",,강원도 영월군 영월읍 팔괴리113-2,재난재해,1,,팔괴교(세경대),0,,02-2100-5397,37.170211,128.456027,2018-03-07
"영월군청",,강원도 영월군 영월읍 삼옥리234,재난재해,1,,거운교(삼옥섭새),0,,02-2100-5397,37.233337,128.511273,2018-03-07
"영월군청",,강원도 영월군 김삿갓면 와석리 산119-1,재난재해,1,,곡동교(김삿갓와석),0,,02-2100-5397,37.121754,128.607828,2018-03-07
"영월군청",,강원도 영월군 남면 연당리1036,재난재해,1,,남면저류지,0,,02-2100-5397,37.188031,128.411482,2018-03-07
"영월군청",,강원도 영월군 남면 북쌍리 199-5,재난재해,1,,문개실(남면),0,,02-2100-5397,37.207858,128.413373,2018-03-07
"영월군청",,강원도 영월군 주천면 주천리 1123-1,재난재해,1,,주천면(둔치),0,,02-2100-5397,37.268232,128.268221,2018-03-07
"영월군청",,강원도 영월군 주천면 판운리 산318-3,재난재해,1,,장충약수터(주천판운),0,,02-2100-5397,37.288619,128.323514,2018-03-07
"평창군청",,강원도 평창군 평창읍 서동로 2435,재난재해,1,,평창읍 하리 배수펌프장,0,,02-2100-5397,37.366069,128.388119,2018-03-07
"정선군청",,강원도 정선군 정선읍 봉양리 32-3,재난재해,1,,정선읍 정선2교,0,,02-2100-5397,37.383290,128.669606,2018-03-07
"정선군청",,강원도 정선군 정선읍 봉양4길 2,재난재해,1,,정선읍 공설운동장,0,,02-2100-5397,37.377367,128.663036,2018-03-07
"정선군청",,강원도 정선군 정선읍 애산로 25,재난재해,1,,정선읍 여성회관(애산교),0,,02-2100-5397,37.374026,128.670943,2018-03-07
"정선군청",,강원도 정선군 북평면 북평강변로 73,재난재해,1,,북평면 북평교,0,,02-2100-5397,37.444969,128.663637,2018-03-07
"정선군청",,강원도 정선군 북평면 숙암리 436-1,재난재해,1,,북평면 숙암교,0,,02-2100-5397,37.482322,128.609091,2018-03-07
"정선군청",,강원도 정선군 여량면 구절리 다락교,재난재해,1,,여량면 구절리 다락교,0,,02-2100-5397,37.520639,128.735427,2018-03-07
"정선군청",,강원도 정선군 임계면 낙천리 344,재난재해,1,,정선읍 귤암리 옷바우,0,,02-2100-5397,37.464874,128.846985,2018-03-07
"정선군청",,강원도 정선군 남면 무릉리 819-16,재난재해,1,,남면 무릉교,0,,02-2100-5397,37.245089,128.776491,2018-03-07
"정선군청",,강원도 정선군 임계면 문래리 534-5,재난재해,1,,임계면 문래리 골지교,0,,02-2100-5397,37.409969,128.858153,2018-03-07
"정선군청",,강원도 정선군 정선읍 애산리 245,재난재해,1,,정선읍 덕송리 이절,0,,02-2100-5397,37.406160,128.698823,2018-03-07
"정선군청",,강원도 정선군 신동읍 덕천리 434-3,재난재해,1,,신동읍 덕천리 연포,0,,02-2100-5397,37.252053,128.573116,2018-03-07
"고성군청",,강원도 고성군 간성읍 소똥령마을길 32,재난재해,1,,장신리유원지,0,,02-2100-5397,38.330403,128.378335,2018-03-07
"고성군청",,강원도 고성군 토성면 도원리 495-21번지 인근 다리,재난재해,1,,도원유원지,0,,02-2100-5397,38.268056,128.468421,2018-03-07
"청주시청",,충청북도 청주시 상당구 미원면 운암리 639,재난재해,1,,청석골,0,,02-2100-5397,36.612864,127.683834,2018-03-07
"청주시청",,충청북도 청주시 상당구 미원면 어암리 667-4,재난재해,1,,미원어암,0,,02-2100-5397,36.614406,127.737841,2018-03-07
"청주시청",,충청북도 청주시 흥덕구 옥산면 금계리 86-2,재난재해,1,,옥산금계교,0,,02-2100-5397,36.686453,127.353835,2018-03-07
"청주시청",,충청북도 청주시 상당구 미원면 미원리 584,재난재해,1,,미원교,0,,02-2100-5397,36.634971,127.652730,2018-03-07
"청주시청",,충청북도 청주시 청원구 내수동 입동리 151-1,재난재해,1,,내수읍입동교,0,,02-2100-5397,36.732377,127.502563,2018-03-07
"청주시청",,충청북도 청주시 흥덕구 오송읍 궁평리 196-42,재난재해,1,,강외미호천교,0,,02-2100-5397,36.621315,127.347551,2018-03-07
"청주시청",,충청북도 청주시 성원구 현도면 노산리 899,재난재해,1,,현도면노산리,0,,02-2100-5397,36.453249,127.441156,2018-03-07
"청주시청",,충청북도 청주시 청원구 내덕동 777-4,재난재해,1,,내덕동 제2운천교,0,,02-2100-5397,36.658989,127.473400,2018-03-07
"청주시청",,충청북도 청주시 흥덕구 복대동 548-12,재난재해,1,,대농교,0,,02-2100-5397,36.642294,127.423909,2018-03-07
"청주시청",,충청북도 청주시 서원구 모충동 293(서원대 정문앞),재난재해,1,,모충교,0,,02-2100-5397,36.626445,127.485787,2018-03-07
"청주시청",,충청북도 청주시 상당구 남일면 가산리 757-3,재난재해,1,,고은교,0,,02-2100-5397,36.561448,127.508162,2018-03-07
"청주시청",,충청북도 청주시 흥덕구 가경동 1542,재난재해,1,,가경1교,0,,02-2100-5397,36.620362,127.432697,2018-03-07
"제천시청",,충청북도 제천시 송학면 시곡리 127-6,재난재해,1,,송학면 무도천(입석리),0,,02-2100-5397,37.198665,128.298307,2018-03-07
"제천시청",,충청북도 제천시 고명동 637-1,재난재해,1,,고명동 두학천,0,,02-2100-5397,37.125052,128.225501,2018-03-07
"제천시청",,충청북도 제천시 서부동 1242,재난재해,1,,서부동 하소천,0,,02-2100-5397,37.131764,128.199363,2018-03-07
"제천시청",,충청북도 제천시 봉양읍 장평리 578-5,재난재해,1,,봉양읍 장평리 장평천,0,,02-2100-5397,37.128769,128.139780,2018-03-07
"제천시청",,충청북도 제천시 봉양읍 구학리 356-1,재난재해,1,,봉양읍 구학리 탁사정,0,,02-2100-5397,37.164947,128.106000,2018-03-07
"제천시청",,충청북도 제천시 송학면 장곡리 668-3,재난재해,1,,송학면 장곡리 장곡교,0,,02-2100-5397,37.210535,128.316838,2018-03-07
"제천시청",,충청북도 제천시 덕산면 수산리 489-1,재난재해,1,,덕산면 수산리 시루미,0,,02-2100-5397,36.913420,128.109300,2018-03-07
"제천시청",,충청북도 제천시 백운면 덕동리 39-7,재난재해,1,,백운면 덕동리 덕동계곡,0,,02-2100-5397,37.188093,127.991823,2018-03-07
"보은군청",,충청북도 보은군 보은읍 교사리 21-1,재난재해,1,,보은읍 이평교,0,,02-2100-5397,36.489742,127.722180,2018-03-07
"보은군청",,충청북도 보은군 보은읍 이평리 187-2,재난재해,1,,보은읍 월송보,0,,02-2100-5397,36.482430,127.724200,2018-03-07
"보은군청",,충청북도 보은군 수한면 발산리 346-1,재난재해,1,,보은읍 장신교,0,,02-2100-5397,36.478783,127.708940,2018-03-07
"보은군청",,충청북도 보은군 속리산면 사내리 275-1,재난재해,1,,속리산면 소형주차장,0,,02-2100-5397,36.531746,127.823360,2018-03-07
"보은군청",,충청북도 보은군 속리산면 상판리 239-25,재난재해,1,,속리산면 상판교,0,,02-2100-5397,36.513134,127.801254,2018-03-07
"보은군청",,충청북도 보은군 속리산면 만수리 88,재난재해,1,,속리산면 만수계곡,0,,02-2100-5397,36.502007,127.873535,2018-03-07
"보은군청",,충청북도 보은군 장안면 서원리 386,재난재해,1,,장안면 서원계곡,0,,02-2100-5397,36.481340,127.801250,2018-03-07
"보은군청",,충청북도 보은군 마로면 기대리 332-2,재난재해,1,,마로면 기대교,0,,02-2100-5397,36.414257,127.820480,2018-03-07
"보은군청",,충청북도 보은군 마로면 세중리 819,재난재해,1,,마로면 세중교,0,,02-2100-5397,36.385887,127.834690,2018-03-07
"보은군청",,충청북도 보은군 마로면 적암리 646,재난재해,1,,마로면 적암천,0,,02-2100-5397,36.443420,127.867620,2018-03-07
"보은군청",,충청북도 보은군 탄부면 성지리 25-1,재난재해,1,,탄부면 덕동교,0,,02-2100-5397,36.419147,127.774680,2018-03-07
"보은군청",,충청북도 보은군 삼승면 원남리 712,재난재해,1,,삼승면 오덕천,0,,02-2100-5397,36.390800,127.729950,2018-03-07
"보은군청",,충청북도 보은군 회인면 부수리 553-2,재난재해,1,,회인면 부수교,0,,02-2100-5397,36.494670,127.598260,2018-03-07
"보은군청",,충청북도 보은군 내북면 창리 312,재난재해,1,,내북면 창리교,0,,02-2100-5397,36.576115,127.663055,2018-03-07
"보은군청",,충청북도 보은군 내북면 성암리 275-1,재난재해,1,,내북면 봉황교,0,,02-2100-5397,36.579132,127.673645,2018-03-07
"보은군청",,충청북도 보은군 산외면 원평리 301,재난재해,1,,산외면 원평유원지,0,,02-2100-5397,36.580856,127.750010,2018-03-07
"보은군청",,충청북도 보은군 보은읍 교사리 36-1,재난재해,1,,동다리하상주차장,0,,02-2100-5397,36.487428,127.721768,2018-03-07
"보은군청",,충청북도 보은군 마로면 세중리 589-2,재난재해,1,,세중교,0,,02-2100-5397,36.385608,127.832690,2018-03-07
"보은군청",,충청북도 보은군 회인면 부수리 439,재난재해,1,,부수교,0,,02-2100-5397,36.493328,127.599344,2018-03-07
"옥천군청",,충청북도 옥천군 동이면 적하리 287-1,재난재해,1,,적하리 세월교 앞,0,,02-2100-5397,36.272763,127.645863,2018-03-07
"옥천군청",,충청북도 옥천군 동이면 금암리 112-9,재난재해,1,,옥천올갱이 식당 앞 삼거리,0,,02-2100-5397,36.288634,127.643315,2018-03-07
"옥천군청",,충청북도 옥천군 동이면 우산리 1146-2,재난재해,1,,금강유원지 입구,0,,02-2100-5397,36.277957,127.677637,2018-03-07
"옥천군청",,충청북도 옥천군 동이면 석탄리 7-1,재난재해,1,,뱃터입구,0,,02-2100-5397,36.330772,127.635345,2018-03-07
"옥천군청",,충청북도 옥천군 이원면 용방리 1071,재난재해,1,,학생수련원 인근 뚝방,0,,02-2100-5397,36.257093,127.639217,2018-03-07
"옥천군청",,충청북도 옥천군 이원면 원동리 217-2,재난재해,1,,지탄교 배수문,0,,02-2100-5397,36.242961,127.667680,2018-03-07
"옥천군청",,충청북도 옥천군 옥천읍 삼양리 228-25,재난재해,1,,쉼터 앞,0,,02-2100-5397,36.303131,127.566919,2018-03-07
"옥천군청",,충청북도 옥천군 옥천읍 금구리 167-3,재난재해,1,,농협 뒷편,0,,02-2100-5397,36.300508,127.566413,2018-03-07
"옥천군청",,충청북도 옥천군 옥천읍 마암리 72-1,재난재해,1,,삼양교 옆,0,,02-2100-5397,36.296011,127.567854,2018-03-07
"옥천군청",,충청북도 옥천군 옥천읍 금구리 146-4,재난재해,1,,경찰서 앞,0,,02-2100-5397,36.301711,127.566285,2018-03-07
"옥천군청",,충청북도 옥천군 군서면 금산리 718,재난재해,1,,금산교 합류지점,0,,02-2100-5397,36.255977,127.551125,2018-03-07
"옥천군청",,충청북도 옥천군 청산면 예곡리 741-1,재난재해,1,,예곡교,0,,02-2100-5397,36.348699,127.813995,2018-03-07
"옥천군청",,충청북도 옥천군 청성면 구음리 715-1,재난재해,1,,점동세월교,0,,02-2100-5397,36.326345,127.723463,2018-03-07
"영동군청",,충청북도 영동군 심천면 초강리 1039-67,재난재해,1,,심천면 초강수문P(금강),0,,02-2100-5397,36.229150,127.717830,2018-03-07
"영동군청",,충청북도 영동군 심천면 심천리 809-25,재난재해,1,,심천면 심천수문(금강),0,,02-2100-5397,36.235233,127.712960,2018-03-07
"영동군청",,충청북도 영동군 심천면 심천리 809-25,재난재해,1,,심천면 심천수문P(금강),0,,02-2100-5397,36.235233,127.712960,2018-03-07
"영동군청",,충청북도 영동군 상촌면 유곡리 820-14,재난재해,1,,상촌면 상촌교(초강천),0,,02-2100-5397,36.144320,127.911830,2018-03-07
"영동군청",,충청북도 영동군 매곡면 유전리 666-3,재난재해,1,,매곡면 노천교(초강천),0,,02-2100-5397,36.186504,127.930176,2018-03-07
"영동군청",,충청북도 영동군 황간면 남성리 674-1,재난재해,1,,황간면 금상교(초강천),0,,02-2100-5397,36.230965,127.903710,2018-03-07
"영동군청",,충청북도 영동군 황간면 원촌리 261,재난재해,1,,황간면 원촌교(석천),0,,02-2100-5397,36.233894,127.890580,2018-03-07
"영동군청",,충청북도 영동군 영동읍 매천리 529-112,재난재해,1,,영동읍 용두교(삼봉천),0,,02-2100-5397,36.170190,127.785706,2018-03-07
"영동군청",,충청북도 영동군 영동읍 계산리 111(영동제1교부근),재난재해,1,,영동읍 영동교(영동천),0,,02-2100-5397,36.171516,127.787750,2018-03-07
"영동군청",,충청북도 영동군 영동읍 계산리 111(삼일빌딩부근),재난재해,1,,영동읍 수중보A(영동천),0,,02-2100-5397,36.171516,127.787750,2018-03-07
"영동군청",,충청북도 영동군 영동읍 계산리 111(목련커텐앞),재난재해,1,,영동읍 수중보B(영동천),0,,02-2100-5397,36.171516,127.787750,2018-03-07
"영동군청",,충청북도 영동군 용산면 율리 913,재난재해,1,,용산영동빙벽장PT(초강천),0,,02-2100-5397,36.225986,127.799070,2018-03-07
"영동군청",,충청북도 영동군 용산면 율리 913,재난재해,1,,용산영동빙벽장SPD(초강천),0,,02-2100-5397,36.225986,127.799070,2018-03-07
"영동군청",,충청북도 영동군 심천면 장동리 290-124,재난재해,1,,장동리(고정),0,,02-2100-5397,36.220260,127.686460,2018-03-07
"영동군청",,충청북도 영동군 심천면 용당리 391-12,재난재해,1,,용당리(회전),0,,02-2100-5397,36.228447,127.728850,2018-03-07
"영동군청",,충청북도 영동군 심천면 초강리 572,재난재해,1,,심천리(회전),0,,02-2100-5397,36.213333,127.713460,2018-03-07
"영동군청",,충청북도 영동군 심천면 초강리 572,재난재해,1,,심천리(고정),0,,02-2100-5397,36.213333,127.713460,2018-03-07
"진천군청",,충청북도 진천군 초평면 중석리 583-4,재난재해,1,,오갑교,0,,02-2100-5397,36.845364,127.502770,2018-03-07
"진천군청",,충청북도 진천군 문백면 초평로 386-112,재난재해,1,,하수종말처리강,0,,02-2100-5397,36.835364,127.502770,2018-03-07
"진천군청",,충청북도 진천군 진천읍 읍내리 173-25,재난재해,1,,진천대교,0,,02-2100-5397,36.877922,127.356840,2018-03-07
"괴산군청",,충청북도 괴산군 청천면 후평리 산10-2,재난재해,1,,청천면 후평,0,,02-2100-5397,36.650119,127.763075,2018-03-07
"괴산군청",,충청북도 괴산군 청천면 도원리 547,재난재해,1,,청천면 도원,0,,02-2100-5397,36.679460,127.777994,2018-03-07
"괴산군청",,충청북도 괴산군 청천면 후영리 499,재난재해,1,,청천면 용추,0,,02-2100-5397,36.696127,127.804616,2018-03-07
"괴산군청",,충청북도 괴산군 이탄교,재난재해,1,,이탄교,0,,02-2100-5397,36.650119,126.763075,2018-03-07
"괴산군청",,충청북도 괴산군 성동교,재난재해,1,,성동교,0,,02-2100-5397,36.650119,127.763075,2018-03-07
"괴산군청",,충청북도 괴산군 괴강교,재난재해,1,,괴강교,0,,02-2100-5397,36.650119,127.763075,2018-03-07
"괴산군청",,충청북도 괴산군 쌍곡교,재난재해,1,,쌍곡교,0,,02-2100-5397,36.650119,127.763075,2018-03-07
"괴산군청",,충청북도 괴산군 목도교,재난재해,1,,목도교,0,,02-2100-5397,36.650119,127.763075,2018-03-07
"괴산군청",,충청북도 괴산군 쌍곡교,재난재해,1,,쌍곡교고정,0,,02-2100-5397,36.650119,127.763075,2018-03-07
"음성군청",,충청북도 음성군 음성읍 읍내리 604-2,재난재해,1,,음성천,0,,02-2100-5397,36.937930,127.687885,2018-03-07
"음성군청",,충청북도 음성군 생극면 병암리773,재난재해,1,,생극천,0,,02-2100-5397,37.027560,127.603955,2018-03-07
"음성군청",,충청북도 음성군 금왕읍 무극리594-1,재난재해,1,,금왕천,0,,02-2100-5397,36.997774,127.595799,2018-03-07
"음성군청",,충청북도 음성군 대소면 오산리386,재난재해,1,,미호천,0,,02-2100-5397,36.968045,127.488579,2018-03-07
"단양군청",,충청북도 단양군 대강면 사인암리 22-8,재난재해,1,,사인암,0,,02-2100-5397,36.892987,128.340260,2018-03-07
"단양군청",,충청북도 단양군 매포읍 평동리 141-1,재난재해,1,,평동리,0,,02-2100-5397,37.029623,128.307696,2018-03-07
"단양군청",,충청북도 단양군 단성면 상진리 114-1,재난재해,1,,상진리,0,,02-2100-5397,36.937116,128.323410,2018-03-07
"단양군청",,충청북도 단양군 단성면 북하리 156-16,재난재해,1,,북하리,0,,02-2100-5397,36.930611,128.337034,2018-03-07
"단양군청",,충청북도 단양군 단성면 상방리 230-1,재난재해,1,,상방리,0,,02-2100-5397,36.935620,128.320267,2018-03-07
"충청남도 도청",,충청남도 아산시 염치읍 곡교리 33-5,재난재해,1,,아산시 염치읍곡교리 33-5,0,,02-2100-5397,36.806665,126.985443,2018-03-07
"금산군",,충청남도 금산군 중도리 601-27,재난재해,1,,금산읍 중도리 금산천,0,,02-2100-5397,36.102117,127.498389,2018-03-07
"금산군",,충청남도 금산군 중도리 66-7,재난재해,1,,금산읍 중도리 후곤천,0,,02-2100-5397,36.104357,127.495754,2018-03-07
"금산군",,충청남도 금산군 제원면 천내리 산6-27,재난재해,1,,제원면 저곡리 제원대교,0,,02-2100-5397,36.118188,127.589424,2018-03-07
"금산군",,충청남도 금산군 남이면 상금리 287-16,재난재해,1,,남일면 황풍리 봉황천,0,,02-2100-5397,36.082430,127.422231,2018-03-07
"금산군",,충청남도 금산군 추부면 마전리 696-2,재난재해,1,,추부면 마전리,0,,02-2100-5397,36.193505,127.461652,2018-03-07
"금산군",,충청남도 금산군 복수면 지량리 274,재난재해,1,,복수면 지량리,0,,02-2100-5397,36.255060,127.374183,2018-03-07
"금산군",,충청남도 금산군 부리면 수통리 447,재난재해,1,,부리면 수통리,0,,02-2100-5397,36.050780,127.593027,2018-03-07
"금산군",,충청남도 금산군 추부면 신평리 552-6,재난재해,1,,추부면 신평리 추풍천,0,,02-2100-5397,36.225748,127.506114,2018-03-07
"금산군",,충청남도 금산군 부리면 평촌리 산66-1,재난재해,1,,부리면 평촌리 무지개다리,0,,02-2100-5397,36.081649,127.559023,2018-03-07
"금산군",,충청남도 금산군 제원면 천내리 162-1,재난재해,1,,제원면 천내리 원골공원1,0,,02-2100-5397,36.116778,127.588943,2018-03-07
"금산군",,충청남도 금산군 제원면 천내리 162-1,재난재해,1,,제원면 천내리 원골공원2,0,,02-2100-5397,36.116778,127.588943,2018-03-07
"금산군",,충청남도 금산군 제원면 천내리 산6-27,재난재해,1,,제원면 천내리 난들입구,0,,02-2100-5397,36.118188,127.589424,2018-03-07
"금산군",,충청남도 금산군 남이면 하금리 297-15,재난재해,1,,남이면 하금리,0,,02-2100-5397,36.060710,127.443714,2018-03-07
"예산군청",,충청남도 예산군 신암면 종경리 100-126,재난재해,1,,창소유수지공원,0,,02-2100-5397,36.726325,126.828466,2018-03-07
"예산군청",,충청남도 예산군 삽교읍 두리 446-1,재난재해,1,,삽교읍 삽교배수펌프장,0,,02-2100-5397,36.691502,126.738551,2018-03-07
"예산군청",,충청남도 예산군 신양면 신양리 731,재난재해,1,,신양면 서계양교,0,,02-2100-5397,36.600038,126.879388,2018-03-07
"당진군청",,충청남도 당진시 읍내동 631-6,재난재해,1,,당진읍 당진천,0,,02-2100-5397,36.891311,126.626399,2018-03-07
"당진군청",,충청남도 당진시 읍내동 398-3,재난재해,1,,당진읍 역천,0,,02-2100-5397,36.898850,126.624139,2018-03-07
"전라북도 도청",,전라북도 전주시 덕진구 진북동 994,재난재해,1,,전주시 덕진구 진북동 어은교,0,,02-2100-5397,35.824562,127.131430,2018-03-07
"전라북도 도청",,전라북도 남원시 산내면 내령리 742 (지리산로),재난재해,1,,남원시 산내면 내령리내령솔밭,0,,02-2100-5397,35.400144,127.608492,2018-03-07
"전라북도 도청",,전라북도 진안군 주천면 무릉로 79-1,재난재해,1,,진안군 주천면 대불리 칠은교,0,,02-2100-5397,35.976915,127.372937,2018-03-07
"전라북도 도청",,전라북도 진안군 정천면 월평리 1380,재난재해,1,,진안군 정천면 월평리 정자천,0,,02-2100-5397,35.852504,127.441711,2018-03-07
"전라북도 도청",,전라북도 무주군 설천면 소천리 915-55,재난재해,1,,무주군 설천면 소천리 소천교,0,,02-2100-5397,36.010829,127.791300,2018-03-07
"전라북도 도청",,전라북도 무주군 무주읍 읍내리 126-16(적천로 367),재난재해,1,,무주군무주읍읍내리무주대교,0,,02-2100-5397,36.007512,127.667387,2018-03-07
"전라북도 도청",,전라북도 무주군 무주읍 대차리 1477-4,재난재해,1,,무주군무주읍 대차리서면마을,0,,02-2100-5397,36.006025,127.620790,2018-03-07
"전라북도 도청",,전라북도 장수군 천천면 천천북로 23,재난재해,1,,장수군 천천면 용광리 천천교,0,,02-2100-5397,35.753089,127.542939,2018-03-07
"전라북도 도청",,전라북도 임실군 관촌면 관촌리 909-13,재난재해,1,,임실군 관촌면 관촌리 오원교,0,,02-2100-5397,35.670120,127.263000,2018-03-07
"전라북도 도청",,전라북도 부안군 진서면 곰소리 848,재난재해,1,,부안군 진서면 곰소리 곰소항,0,,02-2100-5397,35.585956,126.604893,2018-03-07
"전라북도 도청",,전라북도 군산시 경암동 647-28,재난재해,1,,군산시 경암동 경포천배수갑문,0,,02-2100-5397,35.980151,126.727369,2018-03-07
"전라북도 도청",,전라북도 익산시 목천동 1016-50,재난재해,1,,익산시 석탄동 유천배수갑문,0,,02-2100-5397,35.913739,126.950371,2018-03-07
"전라북도 도청",,전라북도 김제시 금산면 원평리 225,재난재해,1,,김제시 금산면 원평리 원평교,0,,02-2100-5397,35.714627,126.994507,2018-03-07
"전라북도 도청",,전라북도 순창군 적성면 석산리 산272,재난재해,1,,순창군 동계면 구미리 구미교,0,,02-2100-5397,35.440505,127.203147,2018-03-07
"전라북도 도청",,전라북도 순창군 순창읍 남계리 342-1,재난재해,1,,순창군 순창읍 남계리 양지천,0,,02-2100-5397,35.374421,127.147769,2018-03-07
"전라북도 도청",,전라북도 고창군 고수면 은사리 산148,재난재해,1,,고창군 고수면 은사리 고수천,0,,02-2100-5397,35.382055,126.715770,2018-03-07
"전라북도 도청",,전라북도 완주군 운주면 장선리 487-3,재난재해,1,,완주군 운주면 장선리 장선교,0,,02-2100-5397,36.092168,127.277204,2018-03-07
"전라북도 도청",,전라북도 정읍시 칠보면 무성리 1017-5,재난재해,1,,정읍시 무성교,0,,02-2100-5397,35.606365,126.985411,2018-03-07
"전라북도 도청",,전라북도 정읍시 산내면 매죽리 565-4,재난재해,1,,정읍시 매죽2교,0,,02-2100-5397,35.548703,127.015378,2018-03-07
"익산시청",,전라북도 익산시 목천동 1016-50,재난재해,1,,익산시 석탄동 유천배수문,0,,02-2100-5397,35.913739,126.950371,2018-03-07
"김제시청",,전라북도 김제시 금산면 원평리 225,재난재해,1,,금산면 원평교,0,,02-2100-5397,35.714626,126.994510,2018-03-07
"김제시청",,전라북도 김제시 공덕면 동계리 403-4,재난재해,1,,공덕면 부용교,0,,02-2100-5397,35.887019,126.931838,2018-03-07
"김제시청",,전라북도 김제시 백구면 영상리 4-1,재난재해,1,,백구면 득룡교,0,,02-2100-5397,35.874810,127.006280,2018-03-07
"김제시청",,전라북도 김제시 금구면 낙성리 174-1,재난재해,1,,금구면 장흥교,0,,02-2100-5397,35.802632,126.995424,2018-03-07
"김제시청",,전라북도 김제시 금산면 성계리 401-9,재난재해,1,,금산면 성암교,0,,02-2100-5397,35.727701,126.991274,2018-03-07
"김제시청",,전라북도 김제시 금산면 장흥리 신흥교,재난재해,1,,금산면 신흥교,0,,02-2100-5397,35.707540,127.013570,2018-03-07
"완주군청",,"전라북도 완주군 운주면 장선리 487-3 (운주면사무소, 장선교)",재난재해,1,,장선교,0,,02-2100-5397,36.092168,127.277204,2018-03-07
"완주군청",,전라북도 완주군 경천면 용복리 193-8 용복교 (3개 하천 합류점),재난재해,1,,용복교(하천 합류점),0,,02-2100-5397,36.040138,127.263262,2018-03-07
"완주군청",,전라북도 완주군 소양면 황운리 866-11 (소양천 고무보),재난재해,1,,소양 고무보,0,,02-2100-5397,35.852443,127.227007,2018-03-07
"완주군청",,전라북도 완주군 구이면 덕천리 1491-12 평덕천(하류,재난재해,1,,평덕천(하류),0,,02-2100-5397,35.742658,127.135639,2018-03-07
"완주군청",,전라북도 완주군 소양면 대흥리 1002-26 오도천(송광사 앞),재난재해,1,,소양 오도천,0,,02-2100-5397,35.884511,127.243281,2018-03-07
"완주군청",,전라북도 완주군 비봉면 대치리 52-4 대치천(하류),재난재해,1,,대치천(하류),0,,02-2100-5397,36.041613,127.173272,2018-03-07
"완주군청",,전라북도 완주군 고산면 오산리 835-125,재난재해,1,,시랑천(밀리터리파크 뒤),0,,02-2100-5397,35.980879,127.216770,2018-03-07
"완주군청",,전라북도 완주군 용진면 구억리 486-6,재난재해,1,,학선천(하류),0,,02-2100-5397,35.868316,127.165838,2018-03-07
"완주군청",,전라북도 완주군 용진면 상삼리 510-3,재난재해,1,,학선천(상류),0,,02-2100-5397,35.862870,127.185261,2018-03-07
"완주군청",,전라북도 완주군 구이면 덕천리550-2,재난재해,1,,평덕천(상류),0,,02-2100-5397,35.741124,127.139016,2018-03-07
"완주군청",,전라북도 완주군 운주면 완창리 661-18,재난재해,1,,장선천(하류),0,,02-2100-5397,36.099392,127.260054,2018-03-07
"진안군청",,전라북도 진안군 주천면 무릉로 79-1,재난재해,1,,진안군칠은교,0,,02-2100-5397,35.976915,127.372937,2018-03-07
"진안군청",,전라북도 진안군 정천면 월평리 1380,재난재해,1,,진안군정자촌,0,,02-2100-5397,35.852504,127.441711,2018-03-07
"무주군청",,전라북도 무주군 무주읍 당산리 1765-4,재난재해,1,,무주읍 당산리 남대천,0,,02-2100-5397,36.005194,127.683648,2018-03-07
"무주군청",,전라북도 무주군 설천면 두길리 968-35,재난재해,1,,설천면 라제통문(원당천),0,,02-2100-5397,35.995601,127.795320,2018-03-07
"무주군청",,전라북도 무주군 무풍면 현내리 1114-4(현내로 124),재난재해,1,,무풍면 금평천(농협창고),0,,02-2100-5397,35.970599,127.839138,2018-03-07
"무주군청",,전라북도 무주군 무풍면 현내리 631-2(농생명로 166),재난재해,1,,무풍면 남대천(하수종말),0,,02-2100-5397,35.967887,127.848539,2018-03-07
"무주군청",,전라북도 무주군 설천면 삼공리 213,재난재해,1,,설천면 삼공리 원당천,0,,02-2100-5397,35.908585,127.782413,2018-03-07
"무주군청",,전라북도 무주군 안성면 사전리 1217-1(하산강변길 7),재난재해,1,,안성면 사전리 구량천,0,,02-2100-5397,35.868348,127.656197,2018-03-07
"무주군청",,전라북도 무주군 안성면 덕산리 1361-8,재난재해,1,,안성면 구량천(정수장),0,,02-2100-5397,35.857500,127.675247,2018-03-07
"무주군청",,전라북도 무주군 부남면 대소리 832-5,재난재해,1,,부남면 금강(대문바위),0,,02-2100-5397,35.964217,127.556648,2018-03-07
"무주군청",,전라북도 무주군 적상면 방이리 687(삼방로 495-6),재난재해,1,,적상면 방이리 삼유천,0,,02-2100-5397,35.960752,127.609146,2018-03-07
"무주군청",,전라북도 무주군 적상면 사천리 307-3,재난재해,1,,적상면 사천리 적상천,0,,02-2100-5397,35.941185,127.658745,2018-03-07
"무주군청",,전라북도 무주군 안성면 죽천리 759,재난재해,1,,안성면 명천천(신무교),0,,02-2100-5397,35.838592,127.666986,2018-03-07
"무주군청",,전라북도 무주군 적상면 북창리 251,재난재해,1,,적상면 상곡천(상곡교),0,,02-2100-5397,35.978890,127.702485,2018-03-07
"무주군청",,전라북도 무주군 무풍면 현내리 17-1(농생명로 166),재난재해,1,,무풍면 금평천(오복식당),0,,02-2100-5397,35.964739,127.862905,2018-03-07
"무주군청",,전라북도 무주군 설천면 길산리 106,재난재해,1,,설천면 남대천(지전마을),0,,02-2100-5397,36.027915,127.744223,2018-03-07
"무주군청",,전라북도 무주군 무주읍 용포리 498-4,재난재해,1,,무주읍 용포리 금강,0,,02-2100-5397,35.990325,127.616501,2018-03-07
"무주군청",,전라북도 무주군 무주읍 읍내리 1223(주계로 35-8),재난재해,1,,무주읍 남대천(벙구보),0,,02-2100-5397,36.005559,127.654286,2018-03-07
"무주군청",,전라북도 무주군 무주읍 장백리 648(하장백길 37),재난재해,1,,무주읍 장백리 하장백교,0,,02-2100-5397,36.025788,127.698019,2018-03-07
"무주군청",,전라북도 무주군 안성면 장기리 1901,재난재해,1,,안성면 장기리(하이목마을),0,,02-2100-5397,35.851195,127.651095,2018-03-07
"무주군청",,전라북도 무주군 안성면 진도리 227-4,재난재해,1,,안성면 진도리(도치교),0,,02-2100-5397,35.872541,127.643493,2018-03-07
"무주군청",,전라북도 무주군 무풍면 현내리 531-1,재난재해,1,,무풍면 원평삼거리,0,,02-2100-5397,35.968907,127.842354,2018-03-07
"무주군청",,전라북도 무주군 설천면 소천리 921-4,재난재해,1,,설천면 소천리(소천교),0,,02-2100-5397,36.011591,127.791812,2018-03-07
"순창군청",,전라북도 순창군 적성면 석산리 산272,재난재해,1,,동계면 구미교,0,,02-2100-5397,35.440949,127.203132,2018-03-07
"순창군청",,전라북도 순창군 순창읍 남계리 330-24,재난재해,1,,순창읍 양지천주차장 일대,0,,02-2100-5397,35.373422,127.148251,2018-03-07
"전남도청",,전라남도 여수시 서교연등천길 43,재난재해,1,,여수 범민교,0,,02-2100-5397,34.744274,127.729302,2018-03-07
"전남도청",,전라남도 순천시 풍덕동 750-1,재난재해,1,,순천 동천,0,,02-2100-5397,34.938247,127.499383,2018-03-07
"전남도청",,전라남도 순천시 주암면 복다리 363-1,재난재해,1,,순천 용촌천,0,,02-2100-5397,35.059516,127.273523,2018-03-07
"전라남도 도청",,전라남도 나주시 석현동 26-4,재난재해,1,,나주 석현교,0,,02-2100-5397,35.055771,126.740037,2018-03-07
"전라남도 도청",,전라남도 나주시 이창동 439-4,재난재해,1,,나주 양곡교,0,,02-2100-5397,34.993038,126.705938,2018-03-07
"전라남도 도청",,전라남도 광양시 광양읍 도월리 183-1,재난재해,1,,광양 도월교,0,,02-2100-5397,34.956392,127.598547,2018-03-07
"전라남도 도청",,전라남도 담양군 봉산면 유산리 628-3,재난재해,1,,담양 유산교,0,,02-2100-5397,35.252481,126.958461,2018-03-07
"전라남도 도청",,전라남도 곡성군 고달면 두가리 621,재난재해,1,,곡성 가정유원지,0,,02-2100-5397,35.229161,127.370777,2018-03-07
"전라남도 도청",,전라남도 곡성군 옥과면 죽림리 80-3,재난재해,1,,곡성 엉귀교,0,,02-2100-5397,35.274940,127.142420,2018-03-07
"전라남도 도청",,전라남도 구례군 구례읍 봉동리 165-1,재난재해,1,,구례 서시교,0,,02-2100-5397,35.210600,127.474510,2018-03-07
"전라남도 도청",,전라남도 구례군 구례읍 원방리 676-4,재난재해,1,,구례 구례1교,0,,02-2100-5397,35.165976,127.463505,2018-03-07
"전라남도 도청",,전라남도 구례군 토지면 송정리 580-2,재난재해,1,,구례 원송유원지,0,,02-2100-5397,35.192104,127.557495,2018-03-07
"전라남도 도청",,전라남도 보성군 겸백면 평호리 470-3,재난재해,1,,보성 가장교,0,,02-2100-5397,34.830687,127.147366,2018-03-07
"전라남도 도청",,전라남도 장흥군 용산면 풍길리 641,재난재해,1,,장항 덕암교,0,,02-2100-5397,34.628328,126.948348,2018-03-07
"전라남도 도청",,전라남도 해남군 삼산면 구림리 204,재난재해,1,,해남 대흥사입구,0,,02-2100-5397,34.498830,126.617303,2018-03-07
"전라남도 도청",,전라남도 함평군 함평읍 기각리951-8,재난재해,1,,함평 영수교,0,,02-2100-5397,35.065559,126.523688,2018-03-07
"전라남도 도청",,전라남도 영광군 법성면 덕흥리 285-14,재난재해,1,,영광 와탄교,0,,02-2100-5397,35.328567,126.474615,2018-03-07
"전라남도 도청",,전라남도 장성군 장성읍 기산리 60-11,재난재해,1,,장성 장성대교,0,,02-2100-5397,35.305711,126.775475,2018-03-07
"순천시청",,전라남도 순천시 팔마로 92(풍덕동),재난재해,1,,풍덕동 동천풍덕교,0,,02-2100-5397,34.942130,127.503660,2018-03-07
"나주시청",,전라남도 나주시 삼영동 633-2,재난재해,1,,삼영동 영산대교,0,,02-2100-5397,35.008973,126.695676,2018-03-07
"담양군청",,전라남도 담양군 무정면 동산리 산77,재난재해,1,,담양읍 향교리 향교교,0,,02-2100-5397,35.283558,127.036816,2018-03-07
"곡성군청",,전라남도 구례군 구례읍 계산리 산431-1,재난재해,1,,죽곡면 압록유원지,0,,02-2100-5397,35.194485,127.377884,2018-03-07
"곡성군청",,전라남도 곡성군 곡성읍 신기리 494-1,재난재해,1,,신기리1구,0,,02-2100-5397,35.311054,127.291400,2018-03-07
"곡성군청",,전라남도 구례군 구례읍 계산리 1430-1,재난재해,1,,압록보건소,0,,02-2100-5397,35.196520,127.377420,2018-03-07
"곡성군청",,전라남도 곡성군 석곡면 석곡리 석곡리 176-3,재난재해,1,,목사동2교,0,,02-2100-5397,35.131466,127.251810,2018-03-07
"곡성군청",,전라남도 구례군 구례읍 논곡리 산216-1,재난재해,1,,물레방아,0,,02-2100-5397,35.218206,127.374750,2018-03-07
"곡성군청",,전라남도 곡성군 옥과면 합강리 101-6,재난재해,1,,옥과 합강교,0,,02-2100-5397,35.322320,127.181020,2018-03-07
"고흥군청",,전라남도 고흥군 봉래면 외초리 산310,재난재해,1,,도양읍 녹동천(고흥),0,,02-2100-5397,34.414261,127.491067,2018-03-07
"고흥군청",,전라남도 고흥군 고흥읍 남계리 652,재난재해,1,,고흥 남계천,0,,02-2100-5397,34.607742,127.288910,2018-03-07
"고흥군청",,전라남도 고흥군 동걍면 유둔리 579-55,재난재해,1,,동강대강천,0,,02-2100-5397,34.611220,127.284980,2018-03-07
"고흥군청",,전라남도 고흥군 도화면 당오리 1075,재난재해,1,,고흥도화천,0,,02-2100-5397,34.509064,127.320885,2018-03-07
"고흥군청",,전라남도 고흥군 고흥읍 행정리 859-11,재난재해,1,,고흥봉동우수저류시설,0,,02-2100-5397,34.619743,127.274130,2018-03-07
"포항시청",,경상북도 포항시 남구 오천읍 문덕리 243-4,재난재해,1,,포항(오천),0,,02-2100-5397,35.961949,129.407749,2018-03-07
"포항시청",,경상북도 포항시 북구 죽장면 하옥리 593-1 주변,재난재해,1,,포항(하옥),0,,02-2100-5397,36.300971,129.247993,2018-03-07
"경주시청",,경상북도 경주시 산내면 의곡리 591-38,재난재해,1,,산내면 동창천,0,,02-2100-5397,35.758506,129.044084,2018-03-07
"안동시청",,경상북도 안동시 남후면 검암리 317-3,재난재해,1,,남후면검암1수문,0,,02-2100-5397,36.541370,128.656614,2018-03-07
"안동시청",,경상북도 안동시 송천동 1319-84,재난재해,1,,임하댐하류,0,,02-2100-5397,36.537849,128.807996,2018-03-07
"안동시청",,경상북도 안동시 풍천면 구담리 649-19,재난재해,1,,풍천면구담교,0,,02-2100-5397,36.549906,128.468293,2018-03-07
"영주시청",,경상북도 영주시 봉현면 오현리 964-14번지,재난재해,1,,풍기읍 풍기교,0,,02-2100-5397,36.867250,128.523437,2018-03-07
"영주시청",,경상북도 영주시 가흥1동 157-5,재난재해,1,,가흥1동 서천인라인장,0,,02-2100-5397,36.815237,128.616652,2018-03-07
"영주시청",,경상북도 영주시 부석면 소천리 385-6번지,재난재해,1,,봉양교,0,,02-2100-5397,36.980353,128.656530,2018-03-07
"영주시청",,경상북도 영주시 조암동 1398번지,재난재해,1,,한정교,0,,02-2100-5397,36.799185,128.618634,2018-03-07
"영주시청",,경상북도 영주시 풍기읍 성내리 141-1,재난재해,1,,풍기1교(하천),0,,02-2100-5397,36.870850,128.518639,2018-03-07
"영주시청",,경상북도 영주시 가흥동 산 45-28,재난재해,1,,육각정,0,,02-2100-5397,36.820469,128.614155,2018-03-07
"영주시청",,경상북도 영주시 단산면 옥대리 1051-1,재난재해,1,,옥대교,0,,02-2100-5397,36.957317,128.619101,2018-03-07
"영주시청",,경상북도 영주시 장수면 반구리 1169-1,재난재해,1,,반구교,0,,02-2100-5397,36.777478,128.581721,2018-03-07
"영주시청",,경상북도 영주시 장수면 화기리,재난재해,1,,갈산교,0,,02-2100-5397,36.770045,128.562304,2018-03-07
"영주시청",,경상북도 영주시 안정면 안심리 329-3,재난재해,1,,안심교,0,,02-2100-5397,36.853576,128.550682,2018-03-07
"영주시청",,경상북도 영주시 호방교,재난재해,1,,호방교,0,,02-2100-5397,36.897035,128.580188,2018-03-07
"영천시청",,경상북도 영천시 완산동 1050번지선(금호강),재난재해,1,,영천교(금호강)-완산동,0,,02-2100-5397,35.954087,128.919263,2018-03-07
"영천시청",,경상북도 영천시 문외동 317번지선,재난재해,1,,영동교(금호강)-영천시문외동,0,,02-2100-5397,35.954087,128.919263,2018-03-07
"영천시청",,경상북도 영천시 임고면 삼매리 54-3,재난재해,1,,영천댐 하류(삼매교),0,,02-2100-5397,36.055741,129.013336,2018-03-07
"영천시청",,경상북도 영천시 오수동 434-26번지선,재난재해,1,,금호강(오수동),0,,02-2100-5397,35.954087,128.919263,2018-03-07
"영천시청",,경상북도 영천시 고경면 단포리 407-79번지선,재난재해,1,,단포교 하류(자호천)-단포리,0,,02-2100-5397,35.970446,128.970363,2018-03-07
"영천시청",,경상북도 영천시 신녕면 치산리 1343번지선,재난재해,1,,치산계곡(신녕면 치산리),0,,02-2100-5397,36.082532,128.669340,2018-03-07
"군위군청",,경상북도 군위군 효령면 중구리 725-45,재난재해,1,,군위군 효령면 중구교,0,,02-2100-5397,36.155667,128.583682,2018-03-07
"군위군청",,경상북도 군위군 군위읍 서부리 사직교,재난재해,1,,군위군 사직교,0,,02-2100-5397,36.231614,128.562549,2018-03-07
"의성군청",,경상북도 의성군 단북면 이연리 1617-6,재난재해,1,,단북면 단밀교,0,,02-2100-5397,36.379085,128.392247,2018-03-07
"의성군청",,경상북도 의성군 비안면 이두리 297-3,재난재해,1,,비안면 비안교,0,,02-2100-5397,36.336363,128.494917,2018-03-07
"의성군청",,경상북도 의성군 봉양면 봉기길 45-1,재난재해,1,,봉양면 도원교,0,,02-2100-5397,36.295912,128.576962,2018-03-07
"의성군청",,경상북도 의성군 의성읍 철파리 415-2,재난재해,1,,의성2교,0,,02-2100-5397,36.356684,128.684626,2018-03-07
"의성군청",,경상북도 의성군 단촌면 병방리 968-41,재난재해,1,,후평교,0,,02-2100-5397,36.433078,128.714276,2018-03-07
"의성군청",,경상북도 의성군 금성면 청로리 1103-16,재난재해,1,,청로교,0,,02-2100-5397,36.247623,128.682041,2018-03-07
"의성군청",,경상북도 의성군 춘산면 금성현서로 1066-88번지,재난재해,1,,빙계계곡,0,,02-2100-5397,36.234178,128.778451,2018-03-07
"의성군청",,경상북도 의성군 봉양면 화전리 화전교,재난재해,1,,봉양면 화전교,0,,02-2100-5397,36.300829,128.576963,2018-03-07
"영양군청",,경상북도 영양군 영양읍 대천리 966-1(대천교),재난재해,1,,영양읍 대천교(지방하천),0,,02-2100-5397,36.395850,129.083790,2018-03-07
"영양군청",,경상북도 영양군 일월면 섬촌리 440-2 (섬촌교),재난재해,1,,일월면 섬촌교(지방하천),0,,02-2100-5397,36.423900,129.083950,2018-03-07
"영양군청",,경상북도 영양군 입암면 방전리 561 (흥구교),재난재해,1,,입암면 흥구교(지방하천),0,,02-2100-5397,36.331460,129.049120,2018-03-07
"영양군청",,경상북도 영양군 석보면 원리리 265-3부근,재난재해,1,,석보면 원리리(지방하천),0,,02-2100-5397,36.334130,129.075000,2018-03-07
"영양군청",,경상북도 영양군 청기면 청기리 296-3부근 (망미교),재난재해,1,,청기면 망미교(지방하천),0,,02-2100-5397,36.394170,129.038160,2018-03-07
"영양군청",,경상북도 영양군 수비면 발리리 415-1,재난재해,1,,수비면 발리리(지방하천),0,,02-2100-5397,36.462900,129.126410,2018-03-07
"영양군청",,경상북도 영양군 입암면 산해리 1427,재난재해,1,,입암면 산해리,0,,02-2100-5397,36.596279,129.003672,2018-03-07
"영양군청",,경상북도 영양군 석보면 삼의리 254,재난재해,1,,석보면 삼의리,0,,02-2100-5397,36.564215,129.211612,2018-03-07
"영양군청",,경상북도 영양군 영양읍 무창리 73,재난재해,1,,영양읍 무창리,0,,02-2100-5397,36.624084,129.221860,2018-03-07
"영양군청",,경상북도 영양군 수비면 한티로 1255,재난재해,1,,수비면 본신리,0,,02-2100-5397,36.765068,129.276553,2018-03-07
"영양군청",,경상북도 영양군 수비면 낙동정맥로 4372,재난재해,1,,수비면 신암리,0,,02-2100-5397,36.856228,129.183889,2018-03-07
"영양군청",,경상북도 영양군 일월면 용화리 405-1,재난재해,1,,일월면 용화리,0,,02-2100-5397,36.813279,129.128150,2018-03-07
"청도군청",,경상북도 청도군 청도읍 청화로 257,재난재해,1,,고수교(청도읍 고수리),0,,02-2100-5397,35.636882,128.749592,2018-03-07
"청도군청",,경상북도 청도군 매전면 매전교(하천감시),재난재해,1,,매전교(매전면 동산리),0,,02-2100-5397,35.673884,128.866311,2018-03-07
"청도군청",,경상북도 청도군 운문면 신원리 94,재난재해,1,,삼계리1교(운문면 신원리),0,,02-2100-5397,35.669001,128.999809,2018-03-07
"청도군청",,경상북도 청도군 청도읍 청도교(하천감시),재난재해,1,,청도교(청도읍 고수리),0,,02-2100-5397,35.644476,128.748736,2018-03-07
"청도군청",,경상북도 청도군 운문면 대천리 산118,재난재해,1,,운문댐하류(운문면 대천리),0,,02-2100-5397,35.723587,128.910707,2018-03-07
"고령군청",,경상북도 고령군 쌍림면 안림천교,재난재해,1,,안림천교,0,,02-2100-5397,35.702913,128.257653,2018-03-07
"고령군청",,경상북도 고령군 고령읍 장기리 회천교,재난재해,1,,회천교,0,,02-2100-5397,35.729067,128.278685,2018-03-07
"고령군청",,경상북도 고령군 쌍림면 산주리,재난재해,1,,신촌유원지1,0,,02-2100-5397,35.673841,128.185121,2018-03-07
"성주군청",,경상북도 성주군 가천면 용사리 산160번지,재난재해,1,,포천계곡,0,,02-2100-5397,35.872021,128.118921,2018-03-07
"성주군청",,경상북도 성주군 선남면 신부리 333-3,재난재해,1,,신부교,0,,02-2100-5397,35.908323,128.334793,2018-03-07
"성주군청",,경상북도 성주군 수륜면 오천리 1163,재난재해,1,,화죽천 CCTV,0,,02-2100-5397,35.816104,128.219569,2018-03-07
"성주군청",,경상북도 성주군 성주읍 성산리 1511-1,재난재해,1,,경산2교,0,,02-2100-5397,35.912428,128.284978,2018-03-07
"성주군청",,경상북도 성주군 선남면 선원리 129-53,재난재해,1,,가죽정교,0,,02-2100-5397,35.853271,128.380995,2018-03-07
"성주군청",,경상북도 성주군 벽진면 매수리 118-1,재난재해,1,,이천교,0,,02-2100-5397,35.945383,128.214832,2018-03-07
"성주군청",,경상북도 성주군 금수면 영천리 1061-3,재난재해,1,,은적2교,0,,02-2100-5397,35.905766,128.061358,2018-03-07
"성주군청",,경상북도 성주군 선남면 소학리 1134,재난재해,1,,성주대교,0,,02-2100-5397,35.888064,128.394952,2018-03-07
"성주군청",,경상북도 성주군 수륜면 오천리 1163,재난재해,1,,칠선교,0,,02-2100-5397,35.816104,128.219569,2018-03-07
"성주군청",,경상북도 성주군 수륜면 수륜리 윤동교,재난재해,1,,윤동교,0,,02-2100-5397,35.824490,128.216177,2018-03-07
"성주군청",,경상북도 성주군 수륜면 수성리 31-1,재난재해,1,,화죽교,0,,02-2100-5397,35.872992,128.180777,2018-03-07
"예천군청",,경상북도 예천군 용궁면 대은리,재난재해,1,,회룡교,0,,02-2100-5397,36.287682,128.326798,2018-03-07
"예천군청",,경상북도 예천군 보문면 오신리,재난재해,1,,오신교,0,,02-2100-5397,36.758956,128.554680,2018-03-07
"예천군청",,경상북도 예천군 예천교,재난재해,1,,예천교,0,,02-2100-5397,36.548662,128.145567,2018-03-07
"예천군청",,경상북도 예천군 보문교,재난재해,1,,보문교,0,,02-2100-5397,36.537330,128.453454,2018-03-07
"예천군청",,경상북도 예천군 풍지교,재난재해,1,,풍지교,0,,02-2100-5397,36.468480,128.646840,2018-03-07
"예천군청",,경상북도 예천군 하리교,재난재해,1,,하리교,0,,02-2100-5397,36.436460,128.364365,2018-03-07
"예천군청",,경상북도 예천군 고평교,재난재해,1,,고평교,0,,02-2100-5397,36.684616,128.346552,2018-03-07
"봉화군청",,경상북도 봉화군 명호면 도천리 188,재난재해,1,,명호면 도천리 낙동강 상류,0,,02-2100-5397,36.858916,128.900692,2018-03-07
"봉화군청",,경상북도 봉화군 법전면 소천리 388-2,재난재해,1,,오산교,0,,02-2100-5397,36.918732,128.931757,2018-03-07
"창원시청",,경상남도 창원시 마산합포구 신포동2가 118-1,재난재해,1,,마산합포구 동서동 마산구항,0,,02-2100-5397,35.199615,128.576020,2018-03-07
"창원시청",,경상남도 창원시 마산회원구 내서읍 원계리839,재난재해,1,,마산회원구 내서읍 전안초교,0,,02-2100-5397,35.225925,128.516880,2018-03-07
"창원시청",,경상남도 창원시 마산회원구 내서읍 호계리790-150,재난재해,1,,마산회원구 내서읍 호계교,0,,02-2100-5397,35.266230,128.521270,2018-03-07
"창원시청",,경상남도 창원시 마산합포구 진전면 율티리 271-1,재난재해,1,,마산합포구 진전면 진전천,0,,02-2100-5397,35.105637,128.447650,2018-03-07
"창원시청",,경상남도 창원시 의창구 사화동 51-4,재난재해,1,,의창구 사화동 창원천수문,0,,02-2100-5397,35.246166,128.632250,2018-03-07
"창원시청",,경상남도 창원시 성산구 외동 855,재난재해,1,,성산구 가음정동 남천,0,,02-2100-5397,35.208977,128.673630,2018-03-07
"창원시청",,경상남도 창원시 의창구 남면로 3,재난재해,1,,의창구 대원동 창원천,0,,02-2100-5397,35.231650,128.644350,2018-03-07
"창원시청",,경상남도 창원시 의창구 대산면 갈전리84-10,재난재해,1,,의창구 대산면 갈전배수문,0,,02-2100-5397,35.359730,128.686340,2018-03-07
"창원시청",,경상남도 창원시 의창구 북면 외갑리 산 112-1,재난재해,1,,달천계곡,0,,02-2100-5397,35.282405,128.597845,2018-03-07
"창원시청",,경상남도 창원시 진해구 자은동 182,재난재해,1,,LH자은동,0,,02-2100-5397,35.199453,128.577890,2018-03-07
"진주시청",,경상남도 진주시 진양교(수위감시),재난재해,1,,상대동 진양교,0,,02-2100-5397,35.179120,128.099344,2018-03-07
"진주시청",,경상남도 진주시 금산면 가방리 1216-9,재난재해,1,,가방배수장입구,0,,02-2100-5397,35.234105,128.146769,2018-03-07
"진주시청",,경상남도 진주시 사봉면 방촌리 358-4,재난재해,1,,사봉면 방촌리,0,,02-2100-5397,35.194789,128.252546,2018-03-07
"진주시청",,경상남도 진주시 금곡면 정자리 117-4,재난재해,1,,금곡면 정자리 검암교,0,,02-2100-5397,35.123220,128.187400,2018-03-07
"진주시청",,경상남도 진주시 수곡면 원내리 57-32,재난재해,1,,수곡면 원동마을입구,0,,02-2100-5397,35.165460,127.959020,2018-03-07
"진주시청",,경상남도 진주시 사봉면 무촌리 1380-3,재난재해,1,,사봉면 무촌리 죽항교,0,,02-2100-5397,35.182819,128.257543,2018-03-07
"사천시청",,경상남도 사천시 곤양면 검정리 45-3,재난재해,1,,곤양면 가화마을,0,,02-2100-5397,35.078119,128.033688,2018-03-07
"사천시청",,경상남도 사천시 곤양면 검정리 산5-5,재난재해,1,,축동면 가산교,0,,02-2100-5397,35.076385,128.039412,2018-03-07
"사천시청",,경상남도 사천시 곤양면 송전리 172-6,재난재해,1,,곤양면 곤양천,0,,02-2100-5397,35.059094,127.967931,2018-03-07
"김해시청",,경상남도 김해시 주촌면 농소리 510-47,재난재해,1,,주촌면 농소리 세월교,0,,02-2100-5397,35.210217,128.827967,2018-03-07
"김해시청",,경상남도 김해시 봉황동 480번지,재난재해,1,,봉황동 전하교,0,,02-2100-5397,35.228730,128.874480,2018-03-07
"김해시청",,경상남도 김해시 한림면 장방리 144-5번지,재난재해,1,,한림면 장방리 장재교,0,,02-2100-5397,35.325695,128.805310,2018-03-07
"김해시청",,경상남도 김해시 한림면 시산리 681,재난재해,1,,한림면 시산리 배수장(외),0,,02-2100-5397,35.352410,128.804490,2018-03-07
"김해시청",,경상남도 김해시 진영읍 진영리 318-150번지,재난재해,1,,용덕교,0,,02-2100-5397,35.314130,128.729340,2018-03-07
"김해시청",,경상남도 김해시 무계동 426-1번지,재난재해,1,,주천교,0,,02-2100-5397,37.580690,126.987120,2018-03-07
"김해시청",,경상남도 김해시 명법동 1088-1번지,재난재해,1,,명법동 정천교,0,,02-2100-5397,35.201460,128.831850,2018-03-07
"김해시청",,경상남도 김해시 주촌면 선지리 847-2번지,재난재해,1,,설창교,0,,02-2100-5397,35.230640,128.835460,2018-03-07
"김해시청",,경상남도 김해시 어방동 127-1번지,재난재해,1,,어방동 신어교,0,,02-2100-5397,35.225160,128.910300,2018-03-07
"김해시청",,경상남도 김해시 상동면 여차리 192-5번지,재난재해,1,,마찰교,0,,02-2100-5397,35.347780,128.896380,2018-03-07
"김해시청",,경상남도 김해시 진영읍 죽곡리 69-3,재난재해,1,,유목교,0,,02-2100-5397,35.282239,128.770841,2018-03-07
"김해시청",,경상남도 김해시 진영읍 죽곡리 68-6번지,재난재해,1,,백학2교,0,,02-2100-5397,35.281807,128.770510,2018-03-07
"김해시청",,경상남도 김해시 상동면 여차리 326-15번지,재난재해,1,,상동면 여차리 용산교,0,,02-2100-5397,35.359047,128.895980,2018-03-07
"김해시청",,경상남도 김해시 진영읍 설창리 66-13번지,재난재해,1,,무계교,0,,02-2100-5397,35.294100,128.779300,2018-03-07
"김해시청",,경상남도 김해시 상동면 매리 1091번지,재난재해,1,,상동면  매리교,0,,02-2100-5397,35.315872,128.969278,2018-03-07
"밀양시청",,경상남도 밀양시 하남읍 수산리 847-28,재난재해,1,,하남읍 수산리 수산교,0,,02-2100-5397,35.373576,128.706416,2018-03-07
"밀양시청",,경상남도 밀양시 상동면 옥산리 산7-1,재난재해,1,,상동면 옥산리 옥산교,0,,02-2100-5397,35.563843,128.764748,2018-03-07
"밀양시청",,경상남도 김해시 생림면 마사리 825,재난재해,1,,삼랑진읍 검세리 검세배수장1,0,,02-2100-5397,35.379642,128.821493,2018-03-07
"밀양시청",,경상남도 밀양시 부북면 제대리 589,재난재해,1,,부북면 제대리 신흥2배수문,0,,02-2100-5397,35.484406,128.723195,2018-03-07
"밀양시청",,경상남도 밀양시 삼문동 416-2,재난재해,1,,내이강변주차장,0,,02-2100-5397,35.490142,128.748278,2018-03-07
"밀양시청",,경상남도 밀양시 용평동963-1,재난재해,1,,활성교,0,,02-2100-5397,35.489397,128.779538,2018-03-07
"밀양시청",,경상남도 밀양시 단장면 사연리 121,재난재해,1,,사연잠수교,0,,02-2100-5397,35.532733,128.876720,2018-03-07
"밀양시청",,경상남도 밀양시 삼량진읍 삼량리 653-1,재난재해,1,,뒤기미 도로,0,,02-2100-5397,35.388830,128.809814,2018-03-07
"밀양시청",,경상남도 밀양시 교동1140-4,재난재해,1,,무안동부우수(유수지),0,,02-2100-5397,35.503760,128.746442,2018-03-07
"밀양시청",,경상남도 밀양시 상동면 안인리 1610-120,재난재해,1,,포평교,0,,02-2100-5397,35.550989,128.757522,2018-03-07
"거제시청",,경상남도 거제시 동부면 산양리 952-1,재난재해,1,,동부면 오망천교,0,,02-2100-5397,34.821484,128.605090,2018-03-07
"거제시청",,경상남도 거제시 제산로5길 26,재난재해,1,,수양동 제산교,0,,02-2100-5397,34.887785,128.646227,2018-03-07
"양산시청",,경상남도 양산시 원동면 월리 산 106-2,재난재해,1,,양산시 원동면용당리낙동강변,0,,02-2100-5397,35.358413,128.926458,2018-03-07
"의령군청",,경상남도 의령군 의령읍 동동리 244,재난재해,1,,의령읍 의령천 구름다리,0,,02-2100-5397,35.318857,128.277133,2018-03-07
"의령군청",,경상남도 의령군 부림면 입산리 273-70,재난재해,1,,유곡면 세간교,0,,02-2100-5397,35.318857,128.277133,2018-03-07
"의령군청",,경상남도 의령군 부림면 대곡리 1089-2,재난재해,1,,부림면 오소교,0,,02-2100-5397,35.479710,128.350188,2018-03-07
"의령군청",,경상남도 의령군 정곡면 성황리 792-13,재난재해,1,,정곡면 월현천교,0,,02-2100-5397,35.378103,128.332375,2018-03-07
"의령군청",,경상남도 의령군 부림면 신반리 478-4,재난재해,1,,부림면 신반교,0,,02-2100-5397,35.463603,128.326399,2018-03-07
"의령군청",,경상남도 의령군 궁류면 벽계리 957-6,재난재해,1,,궁류면 벽계야영장,0,,02-2100-5397,35.426393,128.209579,2018-03-07
"의령군청",,경상남도 의령군 의령읍 정암리,재난재해,1,,백야교,0,,02-2100-5397,35.315774,128.283925,2018-03-07
"함안군청",,경상남도 함안군 가야읍 말산리 619-10,재난재해,1,,가야 말산배수장,0,,02-2100-5397,35.279243,128.407780,2018-03-07
"함안군청",,경상남도 함안군 군북면 월촌리 121,재난재해,1,,법수면 응암,0,,02-2100-5397,35.308590,128.319380,2018-03-07
"함안군청",,경상남도 함안군 칠서면 청계리 37-2,재난재해,1,,칠서 청계배수장,0,,02-2100-5397,35.334373,128.501850,2018-03-07
"함안군청",,경상남도 함안군 법수면 윤내리 128-2,재난재해,1,,법수면 악양,0,,02-2100-5397,35.332750,128.397430,2018-03-07
"함안군청",,경상남도 함안군 대산면 장암리 787-51,재난재해,1,,대산면 장암,0,,02-2100-5397,35.388012,128.438340,2018-03-07
"창녕군청",,경상남도 창녕군 남지읍 남지리 815-5,재난재해,1,,남지리 남지철교,0,,02-2100-5397,35.391062,128.481658,2018-03-07
"창녕군청",,경상남도 창녕군 유어면 광산리 471,재난재해,1,,광산리 광산천,0,,02-2100-5397,35.487557,128.445617,2018-03-07
"창녕군청",,경상남도 창녕군 도천면 우강리 828-3,재난재해,1,,우강리 요강교,0,,02-2100-5397,35.404740,128.524079,2018-03-07
"창녕군청",,경상남도 창녕군 길곡면 마천리 743-1,재난재해,1,,마천리 신덕배수문,0,,02-2100-5397,35.407175,128.586932,2018-03-07
"창녕군청",,경상남도 창녕군 부곡면 청암리 777-4,재난재해,1,,온정리 온정천,0,,02-2100-5397,35.426380,128.611318,2018-03-07
"창녕군청",,경상남도 창녕군 유어면 풍조리 220,재난재해,1,,풍조리 풍조교,0,,02-2100-5397,35.503933,128.448616,2018-03-07
"창녕군청",,경상남도 창녕군 영산면 죽사리 240-1,재난재해,1,,죽사리 죽사교,0,,02-2100-5397,35.440057,128.535524,2018-03-07
"창녕군청",,경상남도 창녕군 부곡면 수다리 1443,재난재해,1,,수다리 수다천,0,,02-2100-5397,35.434181,128.626644,2018-03-07
"창녕군청",,경상남도 창녕군 창녕읍 옥천리 산219-2,재난재해,1,,옥천리 산성교,0,,02-2100-5397,35.520428,128.558919,2018-03-07
"창녕군청",,경상남도 창녕군 남지읍 칠현리 41-18,재난재해,1,,칠현리 칠곡천,0,,02-2100-5397,35.434906,128.410550,2018-03-07
"창녕군청",,경상남도 창녕군 창녕읍 옥천리 1394-13,재난재해,1,,옥천리 새마,0,,02-2100-5397,35.520428,128.558919,2018-03-07
"창녕군청",,경상남도 창녕군 장마면 동정리 555-17,재난재해,1,,동정리 동정교,0,,02-2100-5397,35.455706,128.445738,2018-03-07
"창녕군청",,경상남도 창녕군 도천면 송진리 726-9,재난재해,1,,송진리 남송교,0,,02-2100-5397,35.410107,128.506594,2018-03-07
"창녕군청",,경상남도 창녕군 창녕읍 옥천리 377,재난재해,1,,옥천리 노단이,0,,02-2100-5397,35.520428,128.558919,2018-03-07
"남해군청",,경상남도 남해군 서면 서상리 751-6,재난재해,1,,서면  서상리 서상천,0,,02-2100-5397,34.807037,127.840300,2018-03-07
"남해군청",,경상남도 남해군 삼동면 동천리 2066-27,재난재해,1,,삼동면 동천리 화천,0,,02-2100-5397,34.809643,128.034910,2018-03-07
"하동군청",,경상남도 하동군 악양면 신흥리 927-6,재난재해,1,,악양,0,,02-2100-5397,35.161207,127.711363,2018-03-07
"하동군청",,경상남도 하동군 옥종면 회신리 3-8,재난재해,1,,옥종 회신삼거리,0,,02-2100-5397,35.191100,127.838827,2018-03-07
"산청군청",,경상남도 산청군 시천면 사리 241-6,재난재해,1,,시천면 자양보,0,,02-2100-5397,35.266189,127.860142,2018-03-07
"산청군청",,경상남도 산청군 산청읍 내리 산 194-19,재난재해,1,,산청읍 내리교,0,,02-2100-5397,35.405409,127.878871,2018-03-07
"산청군청",,경상남도 산청군 신안면 하정리 926-4,재난재해,1,,신안 강변,0,,02-2100-5397,35.300712,127.969481,2018-03-07
"산청군청",,경상남도 산청군 생초면 어서리 995-1,재난재해,1,,생초면 취수장,0,,02-2100-5397,35.491612,127.833387,2018-03-07
"산청군청",,경상남도 산청군 금서면 주상리 512-8,재난재해,1,,금서 화계,0,,02-2100-5397,35.464301,127.793821,2018-03-07
"함양군청",,경상남도 함양군 추성계곡(하천감시),재난재해,1,,마천면 추성리 추성계곡,0,,02-2100-5397,35.390254,127.697372,2018-03-07
"함양군청",,경상남도 함양군 백무계곡(하천감시),재난재해,1,,마천면 강청리 백무계곡,0,,02-2100-5397,35.363437,127.680323,2018-03-07
"함양군청",,경상남도 함양군 용추계곡(하천감시),재난재해,1,,안의면 상원리 용추계곡,0,,02-2100-5397,35.673906,127.777611,2018-03-07
"함양군청",,경상남도 함양군 부전계곡(하천감시),재난재해,1,,서상면 옥산리 부전계곡,0,,02-2100-5397,35.645817,127.664528,2018-03-07
"함양군청",,경상남도 함양군 송계마을(하천감시),재난재해,1,,서하면 송계리 송계마을,0,,02-2100-5397,35.647224,127.694503,2018-03-07
"함양군청",,경상남도 함양군 거연정(하천감시),재난재해,1,,서하면 다곡리 거연정,0,,02-2100-5397,35.626096,127.737561,2018-03-07
"함양군청",,경상남도 함양군 동호정(하천감시),재난재해,1,,서하면 황산리 동호정,0,,02-2100-5397,35.620342,127.750888,2018-03-07
"함양군청",,경상남도 함양군 농월정(하천감시),재난재해,1,,안의면 월림리 농월정,0,,02-2100-5397,35.623757,127.780327,2018-03-07
"함양군청",,경상남도 함양군 금천리(하천감시),재난재해,1,,안의면 석천리 석천교,0,,02-2100-5397,35.626630,127.816647,2018-03-07
"함양군청",,경상남도 함양군 동강마을(하천감시),재난재해,1,,휴천면 동강리 동호마을,0,,02-2100-5397,35.437877,127.773225,2018-03-07
"함양군청",,경상남도 함양군 한남마을(하천감시),재난재해,1,,휴천면 운서리 한남마을,0,,02-2100-5397,35.441308,127.748259,2018-03-07
"함양군청",,경상남도 함양군 문정마을(하천감시),재난재해,1,,휴천면 문정리 송문교,0,,02-2100-5397,35.431780,127.734402,2018-03-07
"함양군청",,경상남도 함양군 용유담(하천감시),재난재해,1,,휴천면 송전리 용유담,0,,02-2100-5397,35.409836,127.711645,2018-03-07
"함양군청",,경상남도 함양군 의탄교(하천감시),재난재해,1,,마천면 의탄리 의탄교,0,,02-2100-5397,35.402740,127.686850,2018-03-07
"함양군청",,경상남도 함양군 초록마을(하천감시),재난재해,1,,마천면 덕전리 초록마을,0,,02-2100-5397,35.384064,127.659951,2018-03-07
"함양군청",,경상남도 함양군 죽공리(하천감시),재난재해,1,,함양읍 죽곡리 상림,0,,02-2100-5397,35.524323,127.717145,2018-03-07
"함양군청",,경상남도 함양군 위천제방(하천감시),재난재해,1,,함양읍 백연리 위천제방,0,,02-2100-5397,35.515565,127.725633,2018-03-07
"거창군청",,경상남도 거창군 위천면 황산리 745-131 수중보 동단 (수승대),재난재해,1,,수승대,0,,02-2100-5397,35.760303,127.833620,2018-03-07
"거창군청",,경상남도 거창군 거창읍 송정리 산137 산성교 남단 (건계정),재난재해,1,,건계정,0,,02-2100-5397,35.687798,127.877040,2018-03-07
"거창군청",,경상남도 거창군 거창읍 송정리 79-1 서경병원 앞 (거열교),재난재해,1,,거열교,0,,02-2100-5397,35.680930,127.898090,2018-03-07
"거창군청",,경상남도 거창군 거창읍 김천리 1-7 아림카센터 앞 (거창교),재난재해,1,,거창교,0,,02-2100-5397,35.683735,127.913980,2018-03-07
"거창군청",,경상남도 거창군 거창읍 양평리 1239-127 제방내 (사마교),재난재해,1,,사마교,0,,02-2100-5397,35.704290,127.923730,2018-03-07
"거창군청",,경상남도 거창군 마리면 율리 949-7,재난재해,1,,장풍교,0,,02-2100-5397,35.732637,127.853986,2018-03-07
"거창군청",,경상남도 거창군 거창읍 대동리 12-2 항아리갈비 앞 (합수교),재난재해,1,,합수교,0,,02-2100-5397,35.690870,127.925830,2018-03-07
"거창군청",,경상남도 거창군 거창읍 김천리472-104 김천리마을회관 앞 (웅곡천,재난재해,1,,웅곡천,0,,02-2100-5397,35.681835,127.912360,2018-03-07
"거창군청",,경상남도 거창군 거창읍 대동리 686-1 그린파크 앞 (동천),재난재해,1,,동천,0,,02-2100-5397,35.692314,127.914030,2018-03-07
"거창군청",,경상남도 거창군 주상면 봉황교,재난재해,1,,봉황교,0,,02-2100-5397,35.740578,127.923207,2018-03-07
"합천군청",,경상남도 합천군 봉산면 김봉리 450-3,재난재해,1,,봉산면 봉산교,0,,02-2100-5397,35.629570,128.043104,2018-03-07
"합천군청",,경상남도 합천군 묘산면 관기리 875-1,재난재해,1,,묘산면 묘산교,0,,02-2100-5397,35.657852,128.115430,2018-03-07
"합천군청",,경상남도 합천군 가야면 황산리 21-3,재난재해,1,,가야면 황산교,0,,02-2100-5397,35.758907,128.138353,2018-03-07
"합천군청",,경상남도 합천군 야로면 구정리 269-2,재난재해,1,,야로면 야로교,0,,02-2100-5397,35.707242,128.169449,2018-03-07
"합천군청",,경상남도 합천군 초계면 아막리 52,재난재해,1,,초계면 오리정교,0,,02-2100-5397,35.555602,128.274887,2018-03-07
"합천군청",,경상남도 합천군 덕곡면 율지리 64-1,재난재해,1,,덕곡면 율지리 율지교,0,,02-2100-5397,35.613582,128.358290,2018-03-07
"합천군청",,경상남도 합천군 대양면 덕정리 962,재난재해,1,,대양면 덕정리 덕산교,0,,02-2100-5397,35.513058,128.173971,2018-03-07
"합천군청",,경상남도 합천군 쌍백면 평구리 507,재난재해,1,,쌍백면 평구리 양천교,0,,02-2100-5397,35.443505,128.144576,2018-03-07
"합천군청",,경상남도 합천군 삼가면 일부리 938,재난재해,1,,삼가면 일부리 가미교,0,,02-2100-5397,35.413800,128.129110,2018-03-07
"제주시청",,제주특별자치도 제주시 서광로 18길 19,재난재해,1,,삼도1동 병문천 삼오교,0,,02-2100-5397,33.498202,126.520630,2018-03-07
"제주시청",,제주특별자치도 제주시 도남동 971-1,재난재해,1,,도남동 독사천 동아APT앞,0,,02-2100-5397,33.487674,126.524408,2018-03-07
"제주시청",,제주특별자치도 제주시 이도1동 1437-2,재난재해,1,,이도1동 산지천 남수교,0,,02-2100-5397,33.510062,126.526609,2018-03-07
"제주시청",,제주특별자치도 제주시 오등동 742,재난재해,1,,오등동 병문천 제1저류지,0,,02-2100-5397,33.467218,126.528676,2018-03-07
"제주특별자치도 시청",,제주특별자치도 제주시 오등동 57,재난재해,1,,오등동 산지천 제2저류지,0,,02-2100-5397,33.458928,126.546345,2018-03-07
"제주특별자치도 시청",,제주특별자치도 제주시 아라1동 2870,재난재해,1,,아라1동 독사천 제1저류지,0,,02-2100-5397,33.468281,126.537081,2018-03-07
"제주특별자치도 시청",,제주특별자치도 제주시 오라로10길 7,재난재해,1,,오라2동 한천 제2동산교,0,,02-2100-5397,33.494802,126.511985,2018-03-07
"제주특별자치도 시청",,제주특별자치도 제주시 도근내길 57-11,재난재해,1,,내도동 광령천 월대교,0,,02-2100-5397,33.492889,126.437339,2018-03-07
"제주특별자치도 시청",,제주특별자치도 제주시 애월읍 광령리 4-5,재난재해,1,,애월읍 광령천 광령교,0,,02-2100-5397,33.460539,126.447293,2018-03-07
"제주특별자치도 시청",,제주특별자치도 제주시 내도동 1346-1,재난재해,1,,내도동 어시천 어시천교,0,,02-2100-5397,33.491106,126.442451,2018-03-07
"제주특별자치도 시청",,제주특별자치도 제주시 애월읍 금성리 600-2,재난재해,1,,애월읍 금성천 금성교,0,,02-2100-5397,33.443997,126.300079,2018-03-07
"제주특별자치도 시청",,제주특별자치도 제주시 오등동 1834-12,재난재해,1,,오등동 한천 제2저류지 상단,0,,02-2100-5397,33.444311,126.524932,2018-03-07
"제주특별자치도 시청",,제주특별자치도 제주시 오등동 산 105,재난재해,1,,오등동 병문천 제4저류지,0,,02-2100-5397,33.441283,126.533921,2018-03-07
"제주특별자치도 시청",,제주특별자치도 제주시 오등동 병문천 제2저류지,재난재해,1,,오등동 병문천 제2저류지,0,,02-2100-5397,33.442623,126.537055,2018-03-07
"제주특별자치도 시청",,제주특별자치도 제주시 애월읍 광령리 산183-1,재난재해,1,,독사천 제2저류지,0,,02-2100-5397,33.370172,126.481970,2018-03-07
"제주특별자치도 시청",,제주특별자치도 제주시 오라2동 3819,재난재해,1,,한천 방선문교,0,,02-2100-5397,33.465602,126.516788,2018-03-07
"제주특별자치도 시청",,제주특별자치도 제주시 화북2동,재난재해,1,,부록천-부록교,0,,02-2100-5397,33.503558,126.568981,2018-03-07
"서귀포시",,제주특별자치도 서귀포시 천지동 569,재난재해,1,,서홍동 천지연,0,,02-2100-5397,33.247110,126.554152,2018-03-07
"서귀포시",,제주특별자치도 서귀포시 도순동 1363,재난재해,1,,도순동 도순천,0,,02-2100-5397,33.310450,126.481063,2018-03-07
"서귀포시",,제주특별자치도 서귀포시 강정동 1890-2,재난재해,1,,강정동 강정천,0,,02-2100-5397,33.262183,126.494771,2018-03-07
"서귀포시",,제주특별자치도 서귀포시 안덕면 일주서로 1322-1,재난재해,1,,안덕면 창천리 창고천1,0,,02-2100-5397,33.265439,126.372020,2018-03-07
"서귀포시",,제주특별자치도 서귀포시 성산읍 삼달리 2249-1,재난재해,1,,표선면 성읍리 천미천1,0,,02-2100-5397,33.389724,126.808208,2018-03-07
"서귀포시",,제주특별자치도 서귀포시 남원읍 원님로 1-5,재난재해,1,,남원읍 의귀리 의귀천,0,,02-2100-5397,33.325492,126.732781,2018-03-07
"서귀포시",,제주특별자치도 서귀포시 남원읍 한남리 산63,재난재해,1,,남원읍 한남리 서중천,0,,02-2100-5397,33.335400,126.667288,2018-03-07
"서귀포시",,제주특별자치도 서귀포시 성산읍 삼달리 1531-1,재난재해,1,,성산읍 삼달리 천미천2,0,,02-2100-5397,33.381060,126.835649,2018-03-07
"서귀포시",,제주특별자치도 서귀포시 남원읍 위미리 2420-3,재난재해,1,,남원읍 위미리 전포천,0,,02-2100-5397,33.306384,126.658107,2018-03-07
"서귀포시",,제주특별자치도 서귀포시 강정동 1587,재난재해,1,,강정동 악근천(엉또폭포),0,,02-2100-5397,33.269021,126.499471,2018-03-07
